rank	kmer	AD_seq	NC_seq	AD_frac	NC_frac	fold_AD_NC	chi2	p	p_BH
1	AAANY	0	1	0.000000	0.000000	0.000	1.9	1.63e-01	6.31e-01
2	AACDN	0	1	0.000000	0.000000	0.000	1.9	1.63e-01	6.31e-01
3	AACHM	0	1	0.000000	0.000000	0.000	1.9	1.63e-01	6.31e-01
4	AADDE	0	1	0.000000	0.000000	0.000	1.9	1.63e-01	6.31e-01
5	AADDN	0	1	0.000000	0.000000	0.000	1.9	1.63e-01	6.31e-01
6	AADFM	0	1	0.000000	0.000000	0.000	1.9	1.63e-01	6.31e-01
7	AADIN	0	1	0.000000	0.000000	0.000	1.9	1.63e-01	6.31e-01
8	AADIQ	0	1	0.000000	0.000000	0.000	1.9	1.63e-01	6.31e-01
9	AADMA	0	1	0.000000	0.000000	0.000	1.9	1.63e-01	6.31e-01
10	AADMC	0	1	0.000000	0.000000	0.000	1.9	1.63e-01	6.31e-01
11	AADMN	0	1	0.000000	0.000000	0.000	1.9	1.63e-01	6.31e-01
12	AADNT	0	1	0.000000	0.000000	0.000	1.9	1.63e-01	6.31e-01
13	AADQD	0	1	0.000000	0.000000	0.000	1.9	1.63e-01	6.31e-01
14	AADVM	0	1	0.000000	0.000000	0.000	1.9	1.63e-01	6.31e-01
15	AADYE	0	1	0.000000	0.000000	0.000	1.9	1.63e-01	6.31e-01
16	AADYY	0	1	0.000000	0.000000	0.000	1.9	1.63e-01	6.31e-01
17	AAEDK	0	1	0.000000	0.000000	0.000	1.9	1.63e-01	6.31e-01
18	AAEED	0	1	0.000000	0.000000	0.000	1.9	1.63e-01	6.31e-01
19	AAEEI	0	1	0.000000	0.000000	0.000	1.9	1.63e-01	6.31e-01
20	AAEEN	0	1	0.000000	0.000000	0.000	1.9	1.63e-01	6.31e-01
21	AAEFN	0	1	0.000000	0.000000	0.000	1.9	1.63e-01	6.31e-01
22	AAEFY	0	1	0.000000	0.000000	0.000	1.9	1.63e-01	6.31e-01
23	AAEGM	0	1	0.000000	0.000000	0.000	1.9	1.63e-01	6.31e-01
24	AAEID	0	1	0.000000	0.000000	0.000	1.9	1.63e-01	6.31e-01
25	AAEIT	0	1	0.000000	0.000000	0.000	1.9	1.63e-01	6.31e-01
26	AAEKD	0	1	0.000000	0.000000	0.000	1.9	1.63e-01	6.31e-01
27	AAEMM	0	1	0.000000	0.000000	0.000	1.9	1.63e-01	6.31e-01
28	AAEPM	0	1	0.000000	0.000000	0.000	1.9	1.63e-01	6.31e-01
29	AAETY	0	1	0.000000	0.000000	0.000	1.9	1.63e-01	6.31e-01
30	AAEVN	0	1	0.000000	0.000000	0.000	1.9	1.63e-01	6.31e-01
31	AAEWD	0	1	0.000000	0.000000	0.000	1.9	1.63e-01	6.31e-01
32	AAFDK	0	1	0.000000	0.000000	0.000	1.9	1.63e-01	6.31e-01
33	AAFDW	0	1	0.000000	0.000000	0.000	1.9	1.63e-01	6.31e-01
34	AAFEE	0	1	0.000000	0.000000	0.000	1.9	1.63e-01	6.31e-01
35	AAFEF	0	1	0.000000	0.000000	0.000	1.9	1.63e-01	6.31e-01
36	AAFEH	0	1	0.000000	0.000000	0.000	1.9	1.63e-01	6.31e-01
37	AAFEI	0	1	0.000000	0.000000	0.000	1.9	1.63e-01	6.31e-01
38	AAFEL	0	1	0.000000	0.000000	0.000	1.9	1.63e-01	6.31e-01
39	AAFER	0	1	0.000000	0.000000	0.000	1.9	1.63e-01	6.31e-01
40	AAFFE	0	1	0.000000	0.000000	0.000	1.9	1.63e-01	6.31e-01
41	AAFLD	0	1	0.000000	0.000000	0.000	1.9	1.63e-01	6.31e-01
42	AAFMA	0	1	0.000000	0.000000	0.000	1.9	1.63e-01	6.31e-01
43	AAFMM	0	1	0.000000	0.000000	0.000	1.9	1.63e-01	6.31e-01
44	AAFND	0	1	0.000000	0.000000	0.000	1.9	1.63e-01	6.31e-01
45	AAFNH	0	1	0.000000	0.000000	0.000	1.9	1.63e-01	6.31e-01
46	AAFNW	0	1	0.000000	0.000000	0.000	1.9	1.63e-01	6.31e-01
47	AAFYE	0	1	0.000000	0.000000	0.000	1.9	1.63e-01	6.31e-01
48	AAFYI	0	1	0.000000	0.000000	0.000	1.9	1.63e-01	6.31e-01
49	AAGED	0	1	0.000000	0.000000	0.000	1.9	1.63e-01	6.31e-01
50	AAHDH	0	1	0.000000	0.000000	0.000	1.9	1.63e-01	6.31e-01
51	AAHDI	0	1	0.000000	0.000000	0.000	1.9	1.63e-01	6.31e-01
52	AAHDK	0	1	0.000000	0.000000	0.000	1.9	1.63e-01	6.31e-01
53	AAHFM	0	1	0.000000	0.000000	0.000	1.9	1.63e-01	6.31e-01
54	AAHID	0	1	0.000000	0.000000	0.000	1.9	1.63e-01	6.31e-01
55	AAHMT	0	1	0.000000	0.000000	0.000	1.9	1.63e-01	6.31e-01
56	AAHMV	0	1	0.000000	0.000000	0.000	1.9	1.63e-01	6.31e-01
57	AAHND	0	1	0.000000	0.000000	0.000	1.9	1.63e-01	6.31e-01
58	AAHNQ	0	1	0.000000	0.000000	0.000	1.9	1.63e-01	6.31e-01
59	AAHQM	0	1	0.000000	0.000000	0.000	1.9	1.63e-01	6.31e-01
60	AAHVD	0	1	0.000000	0.000000	0.000	1.9	1.63e-01	6.31e-01
61	AAHVM	0	1	0.000000	0.000000	0.000	1.9	1.63e-01	6.31e-01
62	AAIDD	0	1	0.000000	0.000000	0.000	1.9	1.63e-01	6.31e-01
63	AAIDP	0	1	0.000000	0.000000	0.000	1.9	1.63e-01	6.31e-01
64	AAIDY	0	1	0.000000	0.000000	0.000	1.9	1.63e-01	6.31e-01
65	AAIEN	0	1	0.000000	0.000000	0.000	1.9	1.63e-01	6.31e-01
66	AAIET	0	1	0.000000	0.000000	0.000	1.9	1.63e-01	6.31e-01
67	AAIEW	0	1	0.000000	0.000000	0.000	1.9	1.63e-01	6.31e-01
68	AAIHE	0	1	0.000000	0.000000	0.000	1.9	1.63e-01	6.31e-01
69	AAIHM	0	1	0.000000	0.000000	0.000	1.9	1.63e-01	6.31e-01
70	AAIHQ	0	1	0.000000	0.000000	0.000	1.9	1.63e-01	6.31e-01
71	AAILD	0	1	0.000000	0.000000	0.000	1.9	1.63e-01	6.31e-01
72	AAIMG	0	1	0.000000	0.000000	0.000	1.9	1.63e-01	6.31e-01
73	AAIMQ	0	1	0.000000	0.000000	0.000	1.9	1.63e-01	6.31e-01
74	AAIMV	0	1	0.000000	0.000000	0.000	1.9	1.63e-01	6.31e-01
75	AAINE	0	1	0.000000	0.000000	0.000	1.9	1.63e-01	6.31e-01
76	AAIQE	0	1	0.000000	0.000000	0.000	1.9	1.63e-01	6.31e-01
77	AAIVF	0	1	0.000000	0.000000	0.000	1.9	1.63e-01	6.31e-01
78	AAIWF	0	1	0.000000	0.000000	0.000	1.9	1.63e-01	6.31e-01
79	AAKDN	0	1	0.000000	0.000000	0.000	1.9	1.63e-01	6.31e-01
80	AAKQM	0	1	0.000000	0.000000	0.000	1.9	1.63e-01	6.31e-01
81	AALAM	0	1	0.000000	0.000000	0.000	1.9	1.63e-01	6.31e-01
82	AALEE	0	1	0.000000	0.000000	0.000	1.9	1.63e-01	6.31e-01
83	AALEW	0	1	0.000000	0.000000	0.000	1.9	1.63e-01	6.31e-01
84	AALFE	0	1	0.000000	0.000000	0.000	1.9	1.63e-01	6.31e-01
85	AALME	0	1	0.000000	0.000000	0.000	1.9	1.63e-01	6.31e-01
86	AALMQ	0	1	0.000000	0.000000	0.000	1.9	1.63e-01	6.31e-01
87	AALMY	0	1	0.000000	0.000000	0.000	1.9	1.63e-01	6.31e-01
88	AALYF	0	1	0.000000	0.000000	0.000	1.9	1.63e-01	6.31e-01
89	AAMAE	0	1	0.000000	0.000000	0.000	1.9	1.63e-01	6.31e-01
90	AAMDA	0	1	0.000000	0.000000	0.000	1.9	1.63e-01	6.31e-01
91	AAMDQ	0	1	0.000000	0.000000	0.000	1.9	1.63e-01	6.31e-01
92	AAMEF	0	1	0.000000	0.000000	0.000	1.9	1.63e-01	6.31e-01
93	AAMGL	0	1	0.000000	0.000000	0.000	1.9	1.63e-01	6.31e-01
94	AAMGR	0	1	0.000000	0.000000	0.000	1.9	1.63e-01	6.31e-01
95	AAMHF	0	1	0.000000	0.000000	0.000	1.9	1.63e-01	6.31e-01
96	AAMHG	0	1	0.000000	0.000000	0.000	1.9	1.63e-01	6.31e-01
97	AAMHY	0	1	0.000000	0.000000	0.000	1.9	1.63e-01	6.31e-01
98	AAMIF	0	1	0.000000	0.000000	0.000	1.9	1.63e-01	6.31e-01
99	AAMKQ	0	1	0.000000	0.000000	0.000	1.9	1.63e-01	6.31e-01
100	AAMLI	0	1	0.000000	0.000000	0.000	1.9	1.63e-01	6.31e-01
101	AAMLL	0	1	0.000000	0.000000	0.000	1.9	1.63e-01	6.31e-01
102	AAMLM	0	1	0.000000	0.000000	0.000	1.9	1.63e-01	6.31e-01
103	AAMMQ	0	1	0.000000	0.000000	0.000	1.9	1.63e-01	6.31e-01
104	AAMNK	0	1	0.000000	0.000000	0.000	1.9	1.63e-01	6.31e-01
105	AAMNR	0	1	0.000000	0.000000	0.000	1.9	1.63e-01	6.31e-01
106	AAMNW	0	1	0.000000	0.000000	0.000	1.9	1.63e-01	6.31e-01
107	AAMPM	0	1	0.000000	0.000000	0.000	1.9	1.63e-01	6.31e-01
108	AAMQE	0	1	0.000000	0.000000	0.000	1.9	1.63e-01	6.31e-01
109	AAMQL	0	1	0.000000	0.000000	0.000	1.9	1.63e-01	6.31e-01
110	AAMRD	0	1	0.000000	0.000000	0.000	1.9	1.63e-01	6.31e-01
111	AAMSQ	0	1	0.000000	0.000000	0.000	1.9	1.63e-01	6.31e-01
112	AAMTD	0	1	0.000000	0.000000	0.000	1.9	1.63e-01	6.31e-01
113	AAMTY	0	1	0.000000	0.000000	0.000	1.9	1.63e-01	6.31e-01
114	AAMVH	0	1	0.000000	0.000000	0.000	1.9	1.63e-01	6.31e-01
115	AAMVM	0	1	0.000000	0.000000	0.000	1.9	1.63e-01	6.31e-01
116	AAMVQ	0	1	0.000000	0.000000	0.000	1.9	1.63e-01	6.31e-01
117	AAMVW	0	1	0.000000	0.000000	0.000	1.9	1.63e-01	6.31e-01
118	AAMWT	0	1	0.000000	0.000000	0.000	1.9	1.63e-01	6.31e-01
119	AAMWW	0	1	0.000000	0.000000	0.000	1.9	1.63e-01	6.31e-01
120	AAMYQ	0	1	0.000000	0.000000	0.000	1.9	1.63e-01	6.31e-01
121	AAMYR	0	1	0.000000	0.000000	0.000	1.9	1.63e-01	6.31e-01
122	AAMYT	0	1	0.000000	0.000000	0.000	1.9	1.63e-01	6.31e-01
123	AANDF	0	1	0.000000	0.000000	0.000	1.9	1.63e-01	6.31e-01
124	AANDI	0	1	0.000000	0.000000	0.000	1.9	1.63e-01	6.31e-01
125	AANEQ	0	1	0.000000	0.000000	0.000	1.9	1.63e-01	6.31e-01
126	AANEY	0	1	0.000000	0.000000	0.000	1.9	1.63e-01	6.31e-01
127	AANFF	0	1	0.000000	0.000000	0.000	1.9	1.63e-01	6.31e-01
128	AANFM	0	1	0.000000	0.000000	0.000	1.9	1.63e-01	6.31e-01
129	AANIE	0	1	0.000000	0.000000	0.000	1.9	1.63e-01	6.31e-01
130	AANMG	0	1	0.000000	0.000000	0.000	1.9	1.63e-01	6.31e-01
131	AANMY	0	1	0.000000	0.000000	0.000	1.9	1.63e-01	6.31e-01
132	AANND	0	1	0.000000	0.000000	0.000	1.9	1.63e-01	6.31e-01
133	AANTH	0	1	0.000000	0.000000	0.000	1.9	1.63e-01	6.31e-01
134	AANWF	0	1	0.000000	0.000000	0.000	1.9	1.63e-01	6.31e-01
135	AANYQ	0	1	0.000000	0.000000	0.000	1.9	1.63e-01	6.31e-01
136	AAPDM	0	1	0.000000	0.000000	0.000	1.9	1.63e-01	6.31e-01
137	AAPEQ	0	1	0.000000	0.000000	0.000	1.9	1.63e-01	6.31e-01
138	AAPID	0	1	0.000000	0.000000	0.000	1.9	1.63e-01	6.31e-01
139	AAPMD	0	1	0.000000	0.000000	0.000	1.9	1.63e-01	6.31e-01
140	AAPND	0	1	0.000000	0.000000	0.000	1.9	1.63e-01	6.31e-01
141	AAPNM	0	1	0.000000	0.000000	0.000	1.9	1.63e-01	6.31e-01
142	AAPYM	0	1	0.000000	0.000000	0.000	1.9	1.63e-01	6.31e-01
143	AAQAM	0	1	0.000000	0.000000	0.000	1.9	1.63e-01	6.31e-01
144	AAQDE	0	1	0.000000	0.000000	0.000	1.9	1.63e-01	6.31e-01
145	AAQDQ	0	1	0.000000	0.000000	0.000	1.9	1.63e-01	6.31e-01
146	AAQFM	0	1	0.000000	0.000000	0.000	1.9	1.63e-01	6.31e-01
147	AAQFS	0	1	0.000000	0.000000	0.000	1.9	1.63e-01	6.31e-01
148	AAQMQ	0	1	0.000000	0.000000	0.000	1.9	1.63e-01	6.31e-01
149	AAQNY	0	1	0.000000	0.000000	0.000	1.9	1.63e-01	6.31e-01
150	AAQQD	0	1	0.000000	0.000000	0.000	1.9	1.63e-01	6.31e-01
151	AAQWM	0	1	0.000000	0.000000	0.000	1.9	1.63e-01	6.31e-01
152	AAQYI	0	1	0.000000	0.000000	0.000	1.9	1.63e-01	6.31e-01
153	AARDH	0	1	0.000000	0.000000	0.000	1.9	1.63e-01	6.31e-01
154	AASKD	0	1	0.000000	0.000000	0.000	1.9	1.63e-01	6.31e-01
155	AASYD	0	1	0.000000	0.000000	0.000	1.9	1.63e-01	6.31e-01
156	AASYM	0	1	0.000000	0.000000	0.000	1.9	1.63e-01	6.31e-01
157	AATDN	0	1	0.000000	0.000000	0.000	1.9	1.63e-01	6.31e-01
158	AATDW	0	1	0.000000	0.000000	0.000	1.9	1.63e-01	6.31e-01
159	AATEF	0	1	0.000000	0.000000	0.000	1.9	1.63e-01	6.31e-01
160	AATFE	0	1	0.000000	0.000000	0.000	1.9	1.63e-01	6.31e-01
161	AATHY	0	1	0.000000	0.000000	0.000	1.9	1.63e-01	6.31e-01
162	AATLE	0	1	0.000000	0.000000	0.000	1.9	1.63e-01	6.31e-01
163	AATMF	0	1	0.000000	0.000000	0.000	1.9	1.63e-01	6.31e-01
164	AATMH	0	1	0.000000	0.000000	0.000	1.9	1.63e-01	6.31e-01
165	AATMN	0	1	0.000000	0.000000	0.000	1.9	1.63e-01	6.31e-01
166	AATQM	0	1	0.000000	0.000000	0.000	1.9	1.63e-01	6.31e-01
167	AAVDQ	0	1	0.000000	0.000000	0.000	1.9	1.63e-01	6.31e-01
168	AAVEL	0	1	0.000000	0.000000	0.000	1.9	1.63e-01	6.31e-01
169	AAVEW	0	1	0.000000	0.000000	0.000	1.9	1.63e-01	6.31e-01
170	AAVFE	0	1	0.000000	0.000000	0.000	1.9	1.63e-01	6.31e-01
171	AAVHM	0	1	0.000000	0.000000	0.000	1.9	1.63e-01	6.31e-01
172	AAVIE	0	1	0.000000	0.000000	0.000	1.9	1.63e-01	6.31e-01
173	AAVME	0	1	0.000000	0.000000	0.000	1.9	1.63e-01	6.31e-01
174	AAVMF	0	1	0.000000	0.000000	0.000	1.9	1.63e-01	6.31e-01
175	AAVMY	0	1	0.000000	0.000000	0.000	1.9	1.63e-01	6.31e-01
176	AAVNM	0	1	0.000000	0.000000	0.000	1.9	1.63e-01	6.31e-01
177	AAVYY	0	1	0.000000	0.000000	0.000	1.9	1.63e-01	6.31e-01
178	AAWED	0	1	0.000000	0.000000	0.000	1.9	1.63e-01	6.31e-01
179	AAWEQ	0	1	0.000000	0.000000	0.000	1.9	1.63e-01	6.31e-01
180	AAWEW	0	1	0.000000	0.000000	0.000	1.9	1.63e-01	6.31e-01
181	AAWFT	0	1	0.000000	0.000000	0.000	1.9	1.63e-01	6.31e-01
182	AAWLE	0	1	0.000000	0.000000	0.000	1.9	1.63e-01	6.31e-01
183	AAWQM	0	1	0.000000	0.000000	0.000	1.9	1.63e-01	6.31e-01
184	AAWTE	0	1	0.000000	0.000000	0.000	1.9	1.63e-01	6.31e-01
185	AAWVF	0	1	0.000000	0.000000	0.000	1.9	1.63e-01	6.31e-01
186	AAWWM	0	1	0.000000	0.000000	0.000	1.9	1.63e-01	6.31e-01
187	AAWYL	0	1	0.000000	0.000000	0.000	1.9	1.63e-01	6.31e-01
188	AAWYN	0	1	0.000000	0.000000	0.000	1.9	1.63e-01	6.31e-01
189	AAYDN	0	1	0.000000	0.000000	0.000	1.9	1.63e-01	6.31e-01
190	AAYEA	0	1	0.000000	0.000000	0.000	1.9	1.63e-01	6.31e-01
191	AAYEE	0	1	0.000000	0.000000	0.000	1.9	1.63e-01	6.31e-01
192	AAYEL	0	1	0.000000	0.000000	0.000	1.9	1.63e-01	6.31e-01
193	AAYEM	0	1	0.000000	0.000000	0.000	1.9	1.63e-01	6.31e-01
194	AAYEV	0	1	0.000000	0.000000	0.000	1.9	1.63e-01	6.31e-01
195	AAYFI	0	1	0.000000	0.000000	0.000	1.9	1.63e-01	6.31e-01
196	AAYLD	0	1	0.000000	0.000000	0.000	1.9	1.63e-01	6.31e-01
197	AAYLN	0	1	0.000000	0.000000	0.000	1.9	1.63e-01	6.31e-01
198	AAYMH	0	1	0.000000	0.000000	0.000	1.9	1.63e-01	6.31e-01
199	AAYMQ	0	1	0.000000	0.000000	0.000	1.9	1.63e-01	6.31e-01
200	AAYQD	0	1	0.000000	0.000000	0.000	1.9	1.63e-01	6.31e-01
201	AAYSD	0	1	0.000000	0.000000	0.000	1.9	1.63e-01	6.31e-01
202	AAYVM	0	1	0.000000	0.000000	0.000	1.9	1.63e-01	6.31e-01
203	AAYWY	0	1	0.000000	0.000000	0.000	1.9	1.63e-01	6.31e-01
204	AAYYD	0	1	0.000000	0.000000	0.000	1.9	1.63e-01	6.31e-01
205	AAYYM	0	1	0.000000	0.000000	0.000	1.9	1.63e-01	6.31e-01
206	AAYYN	0	1	0.000000	0.000000	0.000	1.9	1.63e-01	6.31e-01
207	ACAMD	0	1	0.000000	0.000000	0.000	1.9	1.63e-01	6.31e-01
208	ACAMW	0	1	0.000000	0.000000	0.000	1.9	1.63e-01	6.31e-01
209	ACCDM	0	1	0.000000	0.000000	0.000	1.9	1.63e-01	6.31e-01
210	ACCEF	0	1	0.000000	0.000000	0.000	1.9	1.63e-01	6.31e-01
211	ACDAM	0	1	0.000000	0.000000	0.000	1.9	1.63e-01	6.31e-01
212	ACDAN	0	1	0.000000	0.000000	0.000	1.9	1.63e-01	6.31e-01
213	ACDCN	0	1	0.000000	0.000000	0.000	1.9	1.63e-01	6.31e-01
214	ACDEQ	0	1	0.000000	0.000000	0.000	1.9	1.63e-01	6.31e-01
215	ACDFY	0	1	0.000000	0.000000	0.000	1.9	1.63e-01	6.31e-01
216	ACDHF	0	1	0.000000	0.000000	0.000	1.9	1.63e-01	6.31e-01
217	ACDHK	0	1	0.000000	0.000000	0.000	1.9	1.63e-01	6.31e-01
218	ACDHT	0	1	0.000000	0.000000	0.000	1.9	1.63e-01	6.31e-01
219	ACDHY	0	1	0.000000	0.000000	0.000	1.9	1.63e-01	6.31e-01
220	ACDIN	0	1	0.000000	0.000000	0.000	1.9	1.63e-01	6.31e-01
221	ACDKD	0	1	0.000000	0.000000	0.000	1.9	1.63e-01	6.31e-01
222	ACDMC	0	1	0.000000	0.000000	0.000	1.9	1.63e-01	6.31e-01
223	ACDPM	0	1	0.000000	0.000000	0.000	1.9	1.63e-01	6.31e-01
224	ACDVA	0	1	0.000000	0.000000	0.000	1.9	1.63e-01	6.31e-01
225	ACDWM	0	1	0.000000	0.000000	0.000	1.9	1.63e-01	6.31e-01
226	ACDYE	0	1	0.000000	0.000000	0.000	1.9	1.63e-01	6.31e-01
227	ACDYH	0	1	0.000000	0.000000	0.000	1.9	1.63e-01	6.31e-01
228	ACDYI	0	1	0.000000	0.000000	0.000	1.9	1.63e-01	6.31e-01
229	ACEAV	0	1	0.000000	0.000000	0.000	1.9	1.63e-01	6.31e-01
230	ACECF	0	1	0.000000	0.000000	0.000	1.9	1.63e-01	6.31e-01
231	ACECW	0	1	0.000000	0.000000	0.000	1.9	1.63e-01	6.31e-01
232	ACEDK	0	1	0.000000	0.000000	0.000	1.9	1.63e-01	6.31e-01
233	ACEFN	0	1	0.000000	0.000000	0.000	1.9	1.63e-01	6.31e-01
234	ACEFT	0	1	0.000000	0.000000	0.000	1.9	1.63e-01	6.31e-01
235	ACEGE	0	1	0.000000	0.000000	0.000	1.9	1.63e-01	6.31e-01
236	ACEGP	0	1	0.000000	0.000000	0.000	1.9	1.63e-01	6.31e-01
237	ACEIA	0	1	0.000000	0.000000	0.000	1.9	1.63e-01	6.31e-01
238	ACELF	0	1	0.000000	0.000000	0.000	1.9	1.63e-01	6.31e-01
239	ACELH	0	1	0.000000	0.000000	0.000	1.9	1.63e-01	6.31e-01
240	ACELI	0	1	0.000000	0.000000	0.000	1.9	1.63e-01	6.31e-01
241	ACEMD	0	1	0.000000	0.000000	0.000	1.9	1.63e-01	6.31e-01
242	ACEME	0	1	0.000000	0.000000	0.000	1.9	1.63e-01	6.31e-01
243	ACEML	0	1	0.000000	0.000000	0.000	1.9	1.63e-01	6.31e-01
244	ACEMQ	0	1	0.000000	0.000000	0.000	1.9	1.63e-01	6.31e-01
245	ACEMS	0	1	0.000000	0.000000	0.000	1.9	1.63e-01	6.31e-01
246	ACEQV	0	1	0.000000	0.000000	0.000	1.9	1.63e-01	6.31e-01
247	ACETN	0	1	0.000000	0.000000	0.000	1.9	1.63e-01	6.31e-01
248	ACETW	0	1	0.000000	0.000000	0.000	1.9	1.63e-01	6.31e-01
249	ACEWH	0	1	0.000000	0.000000	0.000	1.9	1.63e-01	6.31e-01
250	ACEWW	0	1	0.000000	0.000000	0.000	1.9	1.63e-01	6.31e-01
251	ACEYN	0	1	0.000000	0.000000	0.000	1.9	1.63e-01	6.31e-01
252	ACEYT	0	1	0.000000	0.000000	0.000	1.9	1.63e-01	6.31e-01
253	ACFDE	0	1	0.000000	0.000000	0.000	1.9	1.63e-01	6.31e-01
254	ACFDH	0	1	0.000000	0.000000	0.000	1.9	1.63e-01	6.31e-01
255	ACFDM	0	1	0.000000	0.000000	0.000	1.9	1.63e-01	6.31e-01
256	ACFED	0	1	0.000000	0.000000	0.000	1.9	1.63e-01	6.31e-01
257	ACFEM	0	1	0.000000	0.000000	0.000	1.9	1.63e-01	6.31e-01
258	ACFFM	0	1	0.000000	0.000000	0.000	1.9	1.63e-01	6.31e-01
259	ACFHY	0	1	0.000000	0.000000	0.000	1.9	1.63e-01	6.31e-01
260	ACFMH	0	1	0.000000	0.000000	0.000	1.9	1.63e-01	6.31e-01
261	ACFMY	0	1	0.000000	0.000000	0.000	1.9	1.63e-01	6.31e-01
262	ACFNE	0	1	0.000000	0.000000	0.000	1.9	1.63e-01	6.31e-01
263	ACFTH	0	1	0.000000	0.000000	0.000	1.9	1.63e-01	6.31e-01
264	ACGEM	0	1	0.000000	0.000000	0.000	1.9	1.63e-01	6.31e-01
265	ACGFM	0	1	0.000000	0.000000	0.000	1.9	1.63e-01	6.31e-01
266	ACGHD	0	1	0.000000	0.000000	0.000	1.9	1.63e-01	6.31e-01
267	ACGNM	0	1	0.000000	0.000000	0.000	1.9	1.63e-01	6.31e-01
268	ACHAM	0	1	0.000000	0.000000	0.000	1.9	1.63e-01	6.31e-01
269	ACHDT	0	1	0.000000	0.000000	0.000	1.9	1.63e-01	6.31e-01
270	ACHID	0	1	0.000000	0.000000	0.000	1.9	1.63e-01	6.31e-01
271	ACHIV	0	1	0.000000	0.000000	0.000	1.9	1.63e-01	6.31e-01
272	ACHMH	0	1	0.000000	0.000000	0.000	1.9	1.63e-01	6.31e-01
273	ACHMN	0	1	0.000000	0.000000	0.000	1.9	1.63e-01	6.31e-01
274	ACHSM	0	1	0.000000	0.000000	0.000	1.9	1.63e-01	6.31e-01
275	ACHVE	0	1	0.000000	0.000000	0.000	1.9	1.63e-01	6.31e-01
276	ACHWY	0	1	0.000000	0.000000	0.000	1.9	1.63e-01	6.31e-01
277	ACIDA	0	1	0.000000	0.000000	0.000	1.9	1.63e-01	6.31e-01
278	ACIDQ	0	1	0.000000	0.000000	0.000	1.9	1.63e-01	6.31e-01
279	ACIDY	0	1	0.000000	0.000000	0.000	1.9	1.63e-01	6.31e-01
280	ACIED	0	1	0.000000	0.000000	0.000	1.9	1.63e-01	6.31e-01
281	ACIEG	0	1	0.000000	0.000000	0.000	1.9	1.63e-01	6.31e-01
282	ACIHM	0	1	0.000000	0.000000	0.000	1.9	1.63e-01	6.31e-01
283	ACIMH	0	1	0.000000	0.000000	0.000	1.9	1.63e-01	6.31e-01
284	ACIMS	0	1	0.000000	0.000000	0.000	1.9	1.63e-01	6.31e-01
285	ACITE	0	1	0.000000	0.000000	0.000	1.9	1.63e-01	6.31e-01
286	ACIVM	0	1	0.000000	0.000000	0.000	1.9	1.63e-01	6.31e-01
287	ACIYM	0	1	0.000000	0.000000	0.000	1.9	1.63e-01	6.31e-01
288	ACKMF	0	1	0.000000	0.000000	0.000	1.9	1.63e-01	6.31e-01
289	ACLDN	0	1	0.000000	0.000000	0.000	1.9	1.63e-01	6.31e-01
290	ACLED	0	1	0.000000	0.000000	0.000	1.9	1.63e-01	6.31e-01
291	ACLEW	0	1	0.000000	0.000000	0.000	1.9	1.63e-01	6.31e-01
292	ACLLM	0	1	0.000000	0.000000	0.000	1.9	1.63e-01	6.31e-01
293	ACLMD	0	1	0.000000	0.000000	0.000	1.9	1.63e-01	6.31e-01
294	ACLMI	0	1	0.000000	0.000000	0.000	1.9	1.63e-01	6.31e-01
295	ACMCY	0	1	0.000000	0.000000	0.000	1.9	1.63e-01	6.31e-01
296	ACMDC	0	1	0.000000	0.000000	0.000	1.9	1.63e-01	6.31e-01
297	ACMDK	0	1	0.000000	0.000000	0.000	1.9	1.63e-01	6.31e-01
298	ACMDN	0	1	0.000000	0.000000	0.000	1.9	1.63e-01	6.31e-01
299	ACMEA	0	1	0.000000	0.000000	0.000	1.9	1.63e-01	6.31e-01
300	ACMEG	0	1	0.000000	0.000000	0.000	1.9	1.63e-01	6.31e-01
301	ACMEL	0	1	0.000000	0.000000	0.000	1.9	1.63e-01	6.31e-01
302	ACMEN	0	1	0.000000	0.000000	0.000	1.9	1.63e-01	6.31e-01
303	ACMEQ	0	1	0.000000	0.000000	0.000	1.9	1.63e-01	6.31e-01
304	ACMFM	0	1	0.000000	0.000000	0.000	1.9	1.63e-01	6.31e-01
305	ACMGD	0	1	0.000000	0.000000	0.000	1.9	1.63e-01	6.31e-01
306	ACMGM	0	1	0.000000	0.000000	0.000	1.9	1.63e-01	6.31e-01
307	ACMHI	0	1	0.000000	0.000000	0.000	1.9	1.63e-01	6.31e-01
308	ACMHK	0	1	0.000000	0.000000	0.000	1.9	1.63e-01	6.31e-01
309	ACMHL	0	1	0.000000	0.000000	0.000	1.9	1.63e-01	6.31e-01
310	ACMHQ	0	1	0.000000	0.000000	0.000	1.9	1.63e-01	6.31e-01
311	ACMHT	0	1	0.000000	0.000000	0.000	1.9	1.63e-01	6.31e-01
312	ACMHW	0	1	0.000000	0.000000	0.000	1.9	1.63e-01	6.31e-01
313	ACMIE	0	1	0.000000	0.000000	0.000	1.9	1.63e-01	6.31e-01
314	ACMKH	0	1	0.000000	0.000000	0.000	1.9	1.63e-01	6.31e-01
315	ACMLQ	0	1	0.000000	0.000000	0.000	1.9	1.63e-01	6.31e-01
316	ACMMN	0	1	0.000000	0.000000	0.000	1.9	1.63e-01	6.31e-01
317	ACMMR	0	1	0.000000	0.000000	0.000	1.9	1.63e-01	6.31e-01
318	ACMQA	0	1	0.000000	0.000000	0.000	1.9	1.63e-01	6.31e-01
319	ACMQE	0	1	0.000000	0.000000	0.000	1.9	1.63e-01	6.31e-01
320	ACMQK	0	1	0.000000	0.000000	0.000	1.9	1.63e-01	6.31e-01
321	ACMTN	0	1	0.000000	0.000000	0.000	1.9	1.63e-01	6.31e-01
322	ACMTW	0	1	0.000000	0.000000	0.000	1.9	1.63e-01	6.31e-01
323	ACMTY	0	1	0.000000	0.000000	0.000	1.9	1.63e-01	6.31e-01
324	ACMWE	0	1	0.000000	0.000000	0.000	1.9	1.63e-01	6.31e-01
325	ACMWL	0	1	0.000000	0.000000	0.000	1.9	1.63e-01	6.31e-01
326	ACMWQ	0	1	0.000000	0.000000	0.000	1.9	1.63e-01	6.31e-01
327	ACMYH	0	1	0.000000	0.000000	0.000	1.9	1.63e-01	6.31e-01
328	ACMYI	0	1	0.000000	0.000000	0.000	1.9	1.63e-01	6.31e-01
329	ACMYQ	0	1	0.000000	0.000000	0.000	1.9	1.63e-01	6.31e-01
330	ACMYW	0	1	0.000000	0.000000	0.000	1.9	1.63e-01	6.31e-01
331	ACNMG	0	1	0.000000	0.000000	0.000	1.9	1.63e-01	6.31e-01
332	ACNMN	0	1	0.000000	0.000000	0.000	1.9	1.63e-01	6.31e-01
333	ACNQM	0	1	0.000000	0.000000	0.000	1.9	1.63e-01	6.31e-01
334	ACNWE	0	1	0.000000	0.000000	0.000	1.9	1.63e-01	6.31e-01
335	ACNYM	0	1	0.000000	0.000000	0.000	1.9	1.63e-01	6.31e-01
336	ACNYT	0	1	0.000000	0.000000	0.000	1.9	1.63e-01	6.31e-01
337	ACPWD	0	1	0.000000	0.000000	0.000	1.9	1.63e-01	6.31e-01
338	ACQEN	0	1	0.000000	0.000000	0.000	1.9	1.63e-01	6.31e-01
339	ACQHF	0	1	0.000000	0.000000	0.000	1.9	1.63e-01	6.31e-01
340	ACQMI	0	1	0.000000	0.000000	0.000	1.9	1.63e-01	6.31e-01
341	ACQMQ	0	1	0.000000	0.000000	0.000	1.9	1.63e-01	6.31e-01
342	ACSMH	0	1	0.000000	0.000000	0.000	1.9	1.63e-01	6.31e-01
343	ACTEH	0	1	0.000000	0.000000	0.000	1.9	1.63e-01	6.31e-01
344	ACTEM	0	1	0.000000	0.000000	0.000	1.9	1.63e-01	6.31e-01
345	ACTEV	0	1	0.000000	0.000000	0.000	1.9	1.63e-01	6.31e-01
346	ACTMM	0	1	0.000000	0.000000	0.000	1.9	1.63e-01	6.31e-01
347	ACVDD	0	1	0.000000	0.000000	0.000	1.9	1.63e-01	6.31e-01
348	ACVDN	0	1	0.000000	0.000000	0.000	1.9	1.63e-01	6.31e-01
349	ACVDV	0	1	0.000000	0.000000	0.000	1.9	1.63e-01	6.31e-01
350	ACVEE	0	1	0.000000	0.000000	0.000	1.9	1.63e-01	6.31e-01
351	ACVGM	0	1	0.000000	0.000000	0.000	1.9	1.63e-01	6.31e-01
352	ACVLD	0	1	0.000000	0.000000	0.000	1.9	1.63e-01	6.31e-01
353	ACVMD	0	1	0.000000	0.000000	0.000	1.9	1.63e-01	6.31e-01
354	ACVME	0	1	0.000000	0.000000	0.000	1.9	1.63e-01	6.31e-01
355	ACVMN	0	1	0.000000	0.000000	0.000	1.9	1.63e-01	6.31e-01
356	ACVMQ	0	1	0.000000	0.000000	0.000	1.9	1.63e-01	6.31e-01
357	ACWDH	0	1	0.000000	0.000000	0.000	1.9	1.63e-01	6.31e-01
358	ACWED	0	1	0.000000	0.000000	0.000	1.9	1.63e-01	6.31e-01
359	ACWEF	0	1	0.000000	0.000000	0.000	1.9	1.63e-01	6.31e-01
360	ACWEW	0	1	0.000000	0.000000	0.000	1.9	1.63e-01	6.31e-01
361	ACWFL	0	1	0.000000	0.000000	0.000	1.9	1.63e-01	6.31e-01
362	ACWVD	0	1	0.000000	0.000000	0.000	1.9	1.63e-01	6.31e-01
363	ACWVM	0	1	0.000000	0.000000	0.000	1.9	1.63e-01	6.31e-01
364	ACWWD	0	1	0.000000	0.000000	0.000	1.9	1.63e-01	6.31e-01
365	ACYAW	0	1	0.000000	0.000000	0.000	1.9	1.63e-01	6.31e-01
366	ACYDE	0	1	0.000000	0.000000	0.000	1.9	1.63e-01	6.31e-01
367	ACYEE	0	1	0.000000	0.000000	0.000	1.9	1.63e-01	6.31e-01
368	ACYEL	0	1	0.000000	0.000000	0.000	1.9	1.63e-01	6.31e-01
369	ACYII	0	1	0.000000	0.000000	0.000	1.9	1.63e-01	6.31e-01
370	ACYKM	0	1	0.000000	0.000000	0.000	1.9	1.63e-01	6.31e-01
371	ACYQI	0	1	0.000000	0.000000	0.000	1.9	1.63e-01	6.31e-01
372	ACYQM	0	1	0.000000	0.000000	0.000	1.9	1.63e-01	6.31e-01
373	ACYYD	0	1	0.000000	0.000000	0.000	1.9	1.63e-01	6.31e-01
374	ADADI	0	1	0.000000	0.000000	0.000	1.9	1.63e-01	6.31e-01
375	ADADN	0	1	0.000000	0.000000	0.000	1.9	1.63e-01	6.31e-01
376	ADADW	0	1	0.000000	0.000000	0.000	1.9	1.63e-01	6.31e-01
377	ADAET	0	1	0.000000	0.000000	0.000	1.9	1.63e-01	6.31e-01
378	ADAFQ	0	1	0.000000	0.000000	0.000	1.9	1.63e-01	6.31e-01
379	ADAGM	0	1	0.000000	0.000000	0.000	1.9	1.63e-01	6.31e-01
380	ADAHD	0	1	0.000000	0.000000	0.000	1.9	1.63e-01	6.31e-01
381	ADAHH	0	1	0.000000	0.000000	0.000	1.9	1.63e-01	6.31e-01
382	ADAHY	0	1	0.000000	0.000000	0.000	1.9	1.63e-01	6.31e-01
383	ADAIF	0	1	0.000000	0.000000	0.000	1.9	1.63e-01	6.31e-01
384	ADAIQ	0	1	0.000000	0.000000	0.000	1.9	1.63e-01	6.31e-01
385	ADAKE	0	1	0.000000	0.000000	0.000	1.9	1.63e-01	6.31e-01
386	ADAKY	0	1	0.000000	0.000000	0.000	1.9	1.63e-01	6.31e-01
387	ADALM	0	1	0.000000	0.000000	0.000	1.9	1.63e-01	6.31e-01
388	ADALN	0	1	0.000000	0.000000	0.000	1.9	1.63e-01	6.31e-01
389	ADAMA	0	1	0.000000	0.000000	0.000	1.9	1.63e-01	6.31e-01
390	ADAMT	0	1	0.000000	0.000000	0.000	1.9	1.63e-01	6.31e-01
391	ADANH	0	1	0.000000	0.000000	0.000	1.9	1.63e-01	6.31e-01
392	ADAPH	0	1	0.000000	0.000000	0.000	1.9	1.63e-01	6.31e-01
393	ADAPM	0	1	0.000000	0.000000	0.000	1.9	1.63e-01	6.31e-01
394	ADAQI	0	1	0.000000	0.000000	0.000	1.9	1.63e-01	6.31e-01
395	ADATW	0	1	0.000000	0.000000	0.000	1.9	1.63e-01	6.31e-01
396	ADAWF	0	1	0.000000	0.000000	0.000	1.9	1.63e-01	6.31e-01
397	ADAWH	0	1	0.000000	0.000000	0.000	1.9	1.63e-01	6.31e-01
398	ADAYD	0	1	0.000000	0.000000	0.000	1.9	1.63e-01	6.31e-01
399	ADCAM	0	1	0.000000	0.000000	0.000	1.9	1.63e-01	6.31e-01
400	ADCDD	0	1	0.000000	0.000000	0.000	1.9	1.63e-01	6.31e-01
401	ADCDE	0	1	0.000000	0.000000	0.000	1.9	1.63e-01	6.31e-01
402	ADCMG	0	1	0.000000	0.000000	0.000	1.9	1.63e-01	6.31e-01
403	ADCMM	0	1	0.000000	0.000000	0.000	1.9	1.63e-01	6.31e-01
404	ADCMQ	0	1	0.000000	0.000000	0.000	1.9	1.63e-01	6.31e-01
405	ADCQM	0	1	0.000000	0.000000	0.000	1.9	1.63e-01	6.31e-01
406	ADCQW	0	1	0.000000	0.000000	0.000	1.9	1.63e-01	6.31e-01
407	ADCYY	0	1	0.000000	0.000000	0.000	1.9	1.63e-01	6.31e-01
408	ADDCD	0	1	0.000000	0.000000	0.000	1.9	1.63e-01	6.31e-01
409	ADDCE	0	1	0.000000	0.000000	0.000	1.9	1.63e-01	6.31e-01
410	ADDCI	0	1	0.000000	0.000000	0.000	1.9	1.63e-01	6.31e-01
411	ADDDE	0	1	0.000000	0.000000	0.000	1.9	1.63e-01	6.31e-01
412	ADDDV	0	1	0.000000	0.000000	0.000	1.9	1.63e-01	6.31e-01
413	ADDEM	0	1	0.000000	0.000000	0.000	1.9	1.63e-01	6.31e-01
414	ADDFN	0	1	0.000000	0.000000	0.000	1.9	1.63e-01	6.31e-01
415	ADDHD	0	1	0.000000	0.000000	0.000	1.9	1.63e-01	6.31e-01
416	ADDHV	0	1	0.000000	0.000000	0.000	1.9	1.63e-01	6.31e-01
417	ADDIG	0	1	0.000000	0.000000	0.000	1.9	1.63e-01	6.31e-01
418	ADDIH	0	1	0.000000	0.000000	0.000	1.9	1.63e-01	6.31e-01
419	ADDIT	0	1	0.000000	0.000000	0.000	1.9	1.63e-01	6.31e-01
420	ADDIY	0	1	0.000000	0.000000	0.000	1.9	1.63e-01	6.31e-01
421	ADDKN	0	1	0.000000	0.000000	0.000	1.9	1.63e-01	6.31e-01
422	ADDKP	0	1	0.000000	0.000000	0.000	1.9	1.63e-01	6.31e-01
423	ADDND	0	1	0.000000	0.000000	0.000	1.9	1.63e-01	6.31e-01
424	ADDNT	0	1	0.000000	0.000000	0.000	1.9	1.63e-01	6.31e-01
425	ADDNW	0	1	0.000000	0.000000	0.000	1.9	1.63e-01	6.31e-01
426	ADDPN	0	1	0.000000	0.000000	0.000	1.9	1.63e-01	6.31e-01
427	ADDQK	0	1	0.000000	0.000000	0.000	1.9	1.63e-01	6.31e-01
428	ADDQM	0	1	0.000000	0.000000	0.000	1.9	1.63e-01	6.31e-01
429	ADDRD	0	1	0.000000	0.000000	0.000	1.9	1.63e-01	6.31e-01
430	ADDTV	0	1	0.000000	0.000000	0.000	1.9	1.63e-01	6.31e-01
431	ADDVD	0	1	0.000000	0.000000	0.000	1.9	1.63e-01	6.31e-01
432	ADDVE	0	1	0.000000	0.000000	0.000	1.9	1.63e-01	6.31e-01
433	ADDVH	0	1	0.000000	0.000000	0.000	1.9	1.63e-01	6.31e-01
434	ADDVR	0	1	0.000000	0.000000	0.000	1.9	1.63e-01	6.31e-01
435	ADDVW	0	1	0.000000	0.000000	0.000	1.9	1.63e-01	6.31e-01
436	ADDWD	0	1	0.000000	0.000000	0.000	1.9	1.63e-01	6.31e-01
437	ADDWK	0	1	0.000000	0.000000	0.000	1.9	1.63e-01	6.31e-01
438	ADDWW	0	1	0.000000	0.000000	0.000	1.9	1.63e-01	6.31e-01
439	ADEAI	0	1	0.000000	0.000000	0.000	1.9	1.63e-01	6.31e-01
440	ADEAN	0	1	0.000000	0.000000	0.000	1.9	1.63e-01	6.31e-01
441	ADEAW	0	1	0.000000	0.000000	0.000	1.9	1.63e-01	6.31e-01
442	ADEDC	0	1	0.000000	0.000000	0.000	1.9	1.63e-01	6.31e-01
443	ADEEH	0	1	0.000000	0.000000	0.000	1.9	1.63e-01	6.31e-01
444	ADEEP	0	1	0.000000	0.000000	0.000	1.9	1.63e-01	6.31e-01
445	ADEFL	0	1	0.000000	0.000000	0.000	1.9	1.63e-01	6.31e-01
446	ADEHI	0	1	0.000000	0.000000	0.000	1.9	1.63e-01	6.31e-01
447	ADEIA	0	1	0.000000	0.000000	0.000	1.9	1.63e-01	6.31e-01
448	ADEIT	0	1	0.000000	0.000000	0.000	1.9	1.63e-01	6.31e-01
449	ADELT	0	1	0.000000	0.000000	0.000	1.9	1.63e-01	6.31e-01
450	ADELY	0	1	0.000000	0.000000	0.000	1.9	1.63e-01	6.31e-01
451	ADENC	0	1	0.000000	0.000000	0.000	1.9	1.63e-01	6.31e-01
452	ADENE	0	1	0.000000	0.000000	0.000	1.9	1.63e-01	6.31e-01
453	ADENY	0	1	0.000000	0.000000	0.000	1.9	1.63e-01	6.31e-01
454	ADEPT	0	1	0.000000	0.000000	0.000	1.9	1.63e-01	6.31e-01
455	ADEQK	0	1	0.000000	0.000000	0.000	1.9	1.63e-01	6.31e-01
456	ADEQN	0	1	0.000000	0.000000	0.000	1.9	1.63e-01	6.31e-01
457	ADEQV	0	1	0.000000	0.000000	0.000	1.9	1.63e-01	6.31e-01
458	ADESY	0	1	0.000000	0.000000	0.000	1.9	1.63e-01	6.31e-01
459	ADETC	0	1	0.000000	0.000000	0.000	1.9	1.63e-01	6.31e-01
460	ADETF	0	1	0.000000	0.000000	0.000	1.9	1.63e-01	6.31e-01
461	ADETI	0	1	0.000000	0.000000	0.000	1.9	1.63e-01	6.31e-01
462	ADEVD	0	1	0.000000	0.000000	0.000	1.9	1.63e-01	6.31e-01
463	ADEVF	0	1	0.000000	0.000000	0.000	1.9	1.63e-01	6.31e-01
464	ADEVR	0	1	0.000000	0.000000	0.000	1.9	1.63e-01	6.31e-01
465	ADEVY	0	1	0.000000	0.000000	0.000	1.9	1.63e-01	6.31e-01
466	ADEWL	0	1	0.000000	0.000000	0.000	1.9	1.63e-01	6.31e-01
467	ADEWN	0	1	0.000000	0.000000	0.000	1.9	1.63e-01	6.31e-01
468	ADEWQ	0	1	0.000000	0.000000	0.000	1.9	1.63e-01	6.31e-01
469	ADEYA	0	1	0.000000	0.000000	0.000	1.9	1.63e-01	6.31e-01
470	ADEYE	0	1	0.000000	0.000000	0.000	1.9	1.63e-01	6.31e-01
471	ADEYS	0	1	0.000000	0.000000	0.000	1.9	1.63e-01	6.31e-01
472	ADFAH	0	1	0.000000	0.000000	0.000	1.9	1.63e-01	6.31e-01
473	ADFAV	0	1	0.000000	0.000000	0.000	1.9	1.63e-01	6.31e-01
474	ADFDE	0	1	0.000000	0.000000	0.000	1.9	1.63e-01	6.31e-01
475	ADFDK	0	1	0.000000	0.000000	0.000	1.9	1.63e-01	6.31e-01
476	ADFEP	0	1	0.000000	0.000000	0.000	1.9	1.63e-01	6.31e-01
477	ADFET	0	1	0.000000	0.000000	0.000	1.9	1.63e-01	6.31e-01
478	ADFEW	0	1	0.000000	0.000000	0.000	1.9	1.63e-01	6.31e-01
479	ADFFM	0	1	0.000000	0.000000	0.000	1.9	1.63e-01	6.31e-01
480	ADFFT	0	1	0.000000	0.000000	0.000	1.9	1.63e-01	6.31e-01
481	ADFIE	0	1	0.000000	0.000000	0.000	1.9	1.63e-01	6.31e-01
482	ADFIT	0	1	0.000000	0.000000	0.000	1.9	1.63e-01	6.31e-01
483	ADFIW	0	1	0.000000	0.000000	0.000	1.9	1.63e-01	6.31e-01
484	ADFKE	0	1	0.000000	0.000000	0.000	1.9	1.63e-01	6.31e-01
485	ADFMG	0	1	0.000000	0.000000	0.000	1.9	1.63e-01	6.31e-01
486	ADFMS	0	1	0.000000	0.000000	0.000	1.9	1.63e-01	6.31e-01
487	ADFMV	0	1	0.000000	0.000000	0.000	1.9	1.63e-01	6.31e-01
488	ADFNE	0	1	0.000000	0.000000	0.000	1.9	1.63e-01	6.31e-01
489	ADFNQ	0	1	0.000000	0.000000	0.000	1.9	1.63e-01	6.31e-01
490	ADFPQ	0	1	0.000000	0.000000	0.000	1.9	1.63e-01	6.31e-01
491	ADFQD	0	1	0.000000	0.000000	0.000	1.9	1.63e-01	6.31e-01
492	ADFQL	0	1	0.000000	0.000000	0.000	1.9	1.63e-01	6.31e-01
493	ADFRM	0	1	0.000000	0.000000	0.000	1.9	1.63e-01	6.31e-01
494	ADFSN	0	1	0.000000	0.000000	0.000	1.9	1.63e-01	6.31e-01
495	ADFST	0	1	0.000000	0.000000	0.000	1.9	1.63e-01	6.31e-01
496	ADFTV	0	1	0.000000	0.000000	0.000	1.9	1.63e-01	6.31e-01
497	ADFWE	0	1	0.000000	0.000000	0.000	1.9	1.63e-01	6.31e-01
498	ADFWF	0	1	0.000000	0.000000	0.000	1.9	1.63e-01	6.31e-01
499	ADFWH	0	1	0.000000	0.000000	0.000	1.9	1.63e-01	6.31e-01
500	ADFYF	0	1	0.000000	0.000000	0.000	1.9	1.63e-01	6.31e-01
501	ADFYQ	0	1	0.000000	0.000000	0.000	1.9	1.63e-01	6.31e-01
502	ADFYV	0	1	0.000000	0.000000	0.000	1.9	1.63e-01	6.31e-01
503	ADFYW	0	1	0.000000	0.000000	0.000	1.9	1.63e-01	6.31e-01
504	ADGDD	0	1	0.000000	0.000000	0.000	1.9	1.63e-01	6.31e-01
505	ADGDE	0	1	0.000000	0.000000	0.000	1.9	1.63e-01	6.31e-01
506	ADGDN	0	1	0.000000	0.000000	0.000	1.9	1.63e-01	6.31e-01
507	ADGDW	0	1	0.000000	0.000000	0.000	1.9	1.63e-01	6.31e-01
508	ADGEL	0	1	0.000000	0.000000	0.000	1.9	1.63e-01	6.31e-01
509	ADGEY	0	1	0.000000	0.000000	0.000	1.9	1.63e-01	6.31e-01
510	ADGFM	0	1	0.000000	0.000000	0.000	1.9	1.63e-01	6.31e-01
511	ADGFW	0	1	0.000000	0.000000	0.000	1.9	1.63e-01	6.31e-01
512	ADGHE	0	1	0.000000	0.000000	0.000	1.9	1.63e-01	6.31e-01
513	ADGLM	0	1	0.000000	0.000000	0.000	1.9	1.63e-01	6.31e-01
514	ADGML	0	1	0.000000	0.000000	0.000	1.9	1.63e-01	6.31e-01
515	ADGMV	0	1	0.000000	0.000000	0.000	1.9	1.63e-01	6.31e-01
516	ADGNE	0	1	0.000000	0.000000	0.000	1.9	1.63e-01	6.31e-01
517	ADGNW	0	1	0.000000	0.000000	0.000	1.9	1.63e-01	6.31e-01
518	ADGQM	0	1	0.000000	0.000000	0.000	1.9	1.63e-01	6.31e-01
519	ADGQQ	0	1	0.000000	0.000000	0.000	1.9	1.63e-01	6.31e-01
520	ADGTQ	0	1	0.000000	0.000000	0.000	1.9	1.63e-01	6.31e-01
521	ADGVD	0	1	0.000000	0.000000	0.000	1.9	1.63e-01	6.31e-01
522	ADGVE	0	1	0.000000	0.000000	0.000	1.9	1.63e-01	6.31e-01
523	ADGWV	0	1	0.000000	0.000000	0.000	1.9	1.63e-01	6.31e-01
524	ADHAI	0	1	0.000000	0.000000	0.000	1.9	1.63e-01	6.31e-01
525	ADHCD	0	1	0.000000	0.000000	0.000	1.9	1.63e-01	6.31e-01
526	ADHDL	0	1	0.000000	0.000000	0.000	1.9	1.63e-01	6.31e-01
527	ADHDY	0	1	0.000000	0.000000	0.000	1.9	1.63e-01	6.31e-01
528	ADHEF	0	1	0.000000	0.000000	0.000	1.9	1.63e-01	6.31e-01
529	ADHEK	0	1	0.000000	0.000000	0.000	1.9	1.63e-01	6.31e-01
530	ADHFV	0	1	0.000000	0.000000	0.000	1.9	1.63e-01	6.31e-01
531	ADHGE	0	1	0.000000	0.000000	0.000	1.9	1.63e-01	6.31e-01
532	ADHGW	0	1	0.000000	0.000000	0.000	1.9	1.63e-01	6.31e-01
533	ADHIY	0	1	0.000000	0.000000	0.000	1.9	1.63e-01	6.31e-01
534	ADHKM	0	1	0.000000	0.000000	0.000	1.9	1.63e-01	6.31e-01
535	ADHMC	0	1	0.000000	0.000000	0.000	1.9	1.63e-01	6.31e-01
536	ADHMR	0	1	0.000000	0.000000	0.000	1.9	1.63e-01	6.31e-01
537	ADHNI	0	1	0.000000	0.000000	0.000	1.9	1.63e-01	6.31e-01
538	ADHNT	0	1	0.000000	0.000000	0.000	1.9	1.63e-01	6.31e-01
539	ADHQH	0	1	0.000000	0.000000	0.000	1.9	1.63e-01	6.31e-01
540	ADHRM	0	1	0.000000	0.000000	0.000	1.9	1.63e-01	6.31e-01
541	ADHTD	0	1	0.000000	0.000000	0.000	1.9	1.63e-01	6.31e-01
542	ADHTE	0	1	0.000000	0.000000	0.000	1.9	1.63e-01	6.31e-01
543	ADHTK	0	1	0.000000	0.000000	0.000	1.9	1.63e-01	6.31e-01
544	ADHVA	0	1	0.000000	0.000000	0.000	1.9	1.63e-01	6.31e-01
545	ADHVE	0	1	0.000000	0.000000	0.000	1.9	1.63e-01	6.31e-01
546	ADHVF	0	1	0.000000	0.000000	0.000	1.9	1.63e-01	6.31e-01
547	ADHVI	0	1	0.000000	0.000000	0.000	1.9	1.63e-01	6.31e-01
548	ADHVY	0	1	0.000000	0.000000	0.000	1.9	1.63e-01	6.31e-01
549	ADHWR	0	1	0.000000	0.000000	0.000	1.9	1.63e-01	6.31e-01
550	ADHWT	0	1	0.000000	0.000000	0.000	1.9	1.63e-01	6.31e-01
551	ADHYA	0	1	0.000000	0.000000	0.000	1.9	1.63e-01	6.31e-01
552	ADHYL	0	1	0.000000	0.000000	0.000	1.9	1.63e-01	6.31e-01
553	ADIDP	0	1	0.000000	0.000000	0.000	1.9	1.63e-01	6.31e-01
554	ADIDQ	0	1	0.000000	0.000000	0.000	1.9	1.63e-01	6.31e-01
555	ADIDR	0	1	0.000000	0.000000	0.000	1.9	1.63e-01	6.31e-01
556	ADIEQ	0	1	0.000000	0.000000	0.000	1.9	1.63e-01	6.31e-01
557	ADIEV	0	1	0.000000	0.000000	0.000	1.9	1.63e-01	6.31e-01
558	ADIFE	0	1	0.000000	0.000000	0.000	1.9	1.63e-01	6.31e-01
559	ADIFY	0	1	0.000000	0.000000	0.000	1.9	1.63e-01	6.31e-01
560	ADIHN	0	1	0.000000	0.000000	0.000	1.9	1.63e-01	6.31e-01
561	ADIHP	0	1	0.000000	0.000000	0.000	1.9	1.63e-01	6.31e-01
562	ADILD	0	1	0.000000	0.000000	0.000	1.9	1.63e-01	6.31e-01
563	ADILM	0	1	0.000000	0.000000	0.000	1.9	1.63e-01	6.31e-01
564	ADIMD	0	1	0.000000	0.000000	0.000	1.9	1.63e-01	6.31e-01
565	ADIML	0	1	0.000000	0.000000	0.000	1.9	1.63e-01	6.31e-01
566	ADIND	0	1	0.000000	0.000000	0.000	1.9	1.63e-01	6.31e-01
567	ADINH	0	1	0.000000	0.000000	0.000	1.9	1.63e-01	6.31e-01
568	ADINT	0	1	0.000000	0.000000	0.000	1.9	1.63e-01	6.31e-01
569	ADIQF	0	1	0.000000	0.000000	0.000	1.9	1.63e-01	6.31e-01
570	ADIQP	0	1	0.000000	0.000000	0.000	1.9	1.63e-01	6.31e-01
571	ADIQQ	0	1	0.000000	0.000000	0.000	1.9	1.63e-01	6.31e-01
572	ADIQT	0	1	0.000000	0.000000	0.000	1.9	1.63e-01	6.31e-01
573	ADIQV	0	1	0.000000	0.000000	0.000	1.9	1.63e-01	6.31e-01
574	ADITF	0	1	0.000000	0.000000	0.000	1.9	1.63e-01	6.31e-01
575	ADITW	0	1	0.000000	0.000000	0.000	1.9	1.63e-01	6.31e-01
576	ADIWG	0	1	0.000000	0.000000	0.000	1.9	1.63e-01	6.31e-01
577	ADIWV	0	1	0.000000	0.000000	0.000	1.9	1.63e-01	6.31e-01
578	ADIYL	0	1	0.000000	0.000000	0.000	1.9	1.63e-01	6.31e-01
579	ADIYT	0	1	0.000000	0.000000	0.000	1.9	1.63e-01	6.31e-01
580	ADIYW	0	1	0.000000	0.000000	0.000	1.9	1.63e-01	6.31e-01
581	ADKDH	0	1	0.000000	0.000000	0.000	1.9	1.63e-01	6.31e-01
582	ADKDK	0	1	0.000000	0.000000	0.000	1.9	1.63e-01	6.31e-01
583	ADKDQ	0	1	0.000000	0.000000	0.000	1.9	1.63e-01	6.31e-01
584	ADKED	0	1	0.000000	0.000000	0.000	1.9	1.63e-01	6.31e-01
585	ADKEE	0	1	0.000000	0.000000	0.000	1.9	1.63e-01	6.31e-01
586	ADKEH	0	1	0.000000	0.000000	0.000	1.9	1.63e-01	6.31e-01
587	ADKEL	0	1	0.000000	0.000000	0.000	1.9	1.63e-01	6.31e-01
588	ADKET	0	1	0.000000	0.000000	0.000	1.9	1.63e-01	6.31e-01
589	ADKFY	0	1	0.000000	0.000000	0.000	1.9	1.63e-01	6.31e-01
590	ADKHG	0	1	0.000000	0.000000	0.000	1.9	1.63e-01	6.31e-01
591	ADKHV	0	1	0.000000	0.000000	0.000	1.9	1.63e-01	6.31e-01
592	ADKHW	0	1	0.000000	0.000000	0.000	1.9	1.63e-01	6.31e-01
593	ADKMK	0	1	0.000000	0.000000	0.000	1.9	1.63e-01	6.31e-01
594	ADKNE	0	1	0.000000	0.000000	0.000	1.9	1.63e-01	6.31e-01
595	ADKQE	0	1	0.000000	0.000000	0.000	1.9	1.63e-01	6.31e-01
596	ADKRM	0	1	0.000000	0.000000	0.000	1.9	1.63e-01	6.31e-01
597	ADKVM	0	1	0.000000	0.000000	0.000	1.9	1.63e-01	6.31e-01
598	ADKVT	0	1	0.000000	0.000000	0.000	1.9	1.63e-01	6.31e-01
599	ADKWD	0	1	0.000000	0.000000	0.000	1.9	1.63e-01	6.31e-01
600	ADKWG	0	1	0.000000	0.000000	0.000	1.9	1.63e-01	6.31e-01
601	ADKWP	0	1	0.000000	0.000000	0.000	1.9	1.63e-01	6.31e-01
602	ADKWY	0	1	0.000000	0.000000	0.000	1.9	1.63e-01	6.31e-01
603	ADKYE	0	1	0.000000	0.000000	0.000	1.9	1.63e-01	6.31e-01
604	ADKYF	0	1	0.000000	0.000000	0.000	1.9	1.63e-01	6.31e-01
605	ADLDD	0	1	0.000000	0.000000	0.000	1.9	1.63e-01	6.31e-01
606	ADLDG	0	1	0.000000	0.000000	0.000	1.9	1.63e-01	6.31e-01
607	ADLED	0	1	0.000000	0.000000	0.000	1.9	1.63e-01	6.31e-01
608	ADLEF	0	1	0.000000	0.000000	0.000	1.9	1.63e-01	6.31e-01
609	ADLEM	0	1	0.000000	0.000000	0.000	1.9	1.63e-01	6.31e-01
610	ADLEQ	0	1	0.000000	0.000000	0.000	1.9	1.63e-01	6.31e-01
611	ADLGW	0	1	0.000000	0.000000	0.000	1.9	1.63e-01	6.31e-01
612	ADLIH	0	1	0.000000	0.000000	0.000	1.9	1.63e-01	6.31e-01
613	ADLMR	0	1	0.000000	0.000000	0.000	1.9	1.63e-01	6.31e-01
614	ADLNI	0	1	0.000000	0.000000	0.000	1.9	1.63e-01	6.31e-01
615	ADLNN	0	1	0.000000	0.000000	0.000	1.9	1.63e-01	6.31e-01
616	ADLRM	0	1	0.000000	0.000000	0.000	1.9	1.63e-01	6.31e-01
617	ADLTF	0	1	0.000000	0.000000	0.000	1.9	1.63e-01	6.31e-01
618	ADLVW	0	1	0.000000	0.000000	0.000	1.9	1.63e-01	6.31e-01
619	ADLVY	0	1	0.000000	0.000000	0.000	1.9	1.63e-01	6.31e-01
620	ADMAI	0	1	0.000000	0.000000	0.000	1.9	1.63e-01	6.31e-01
621	ADMAR	0	1	0.000000	0.000000	0.000	1.9	1.63e-01	6.31e-01
622	ADMCG	0	1	0.000000	0.000000	0.000	1.9	1.63e-01	6.31e-01
623	ADMCH	0	1	0.000000	0.000000	0.000	1.9	1.63e-01	6.31e-01
624	ADMCW	0	1	0.000000	0.000000	0.000	1.9	1.63e-01	6.31e-01
625	ADMCY	0	1	0.000000	0.000000	0.000	1.9	1.63e-01	6.31e-01
626	ADMDI	0	1	0.000000	0.000000	0.000	1.9	1.63e-01	6.31e-01
627	ADMDY	0	1	0.000000	0.000000	0.000	1.9	1.63e-01	6.31e-01
628	ADMEF	0	1	0.000000	0.000000	0.000	1.9	1.63e-01	6.31e-01
629	ADMEM	0	1	0.000000	0.000000	0.000	1.9	1.63e-01	6.31e-01
630	ADMER	0	1	0.000000	0.000000	0.000	1.9	1.63e-01	6.31e-01
631	ADMET	0	1	0.000000	0.000000	0.000	1.9	1.63e-01	6.31e-01
632	ADMFG	0	1	0.000000	0.000000	0.000	1.9	1.63e-01	6.31e-01
633	ADMFK	0	1	0.000000	0.000000	0.000	1.9	1.63e-01	6.31e-01
634	ADMFY	0	1	0.000000	0.000000	0.000	1.9	1.63e-01	6.31e-01
635	ADMGR	0	1	0.000000	0.000000	0.000	1.9	1.63e-01	6.31e-01
636	ADMGS	0	1	0.000000	0.000000	0.000	1.9	1.63e-01	6.31e-01
637	ADMHV	0	1	0.000000	0.000000	0.000	1.9	1.63e-01	6.31e-01
638	ADMKI	0	1	0.000000	0.000000	0.000	1.9	1.63e-01	6.31e-01
639	ADMKM	0	1	0.000000	0.000000	0.000	1.9	1.63e-01	6.31e-01
640	ADMKV	0	1	0.000000	0.000000	0.000	1.9	1.63e-01	6.31e-01
641	ADMKW	0	1	0.000000	0.000000	0.000	1.9	1.63e-01	6.31e-01
642	ADMLA	0	1	0.000000	0.000000	0.000	1.9	1.63e-01	6.31e-01
643	ADMLL	0	1	0.000000	0.000000	0.000	1.9	1.63e-01	6.31e-01
644	ADMNI	0	1	0.000000	0.000000	0.000	1.9	1.63e-01	6.31e-01
645	ADMNK	0	1	0.000000	0.000000	0.000	1.9	1.63e-01	6.31e-01
646	ADMPH	0	1	0.000000	0.000000	0.000	1.9	1.63e-01	6.31e-01
647	ADMPK	0	1	0.000000	0.000000	0.000	1.9	1.63e-01	6.31e-01
648	ADMPT	0	1	0.000000	0.000000	0.000	1.9	1.63e-01	6.31e-01
649	ADMQE	0	1	0.000000	0.000000	0.000	1.9	1.63e-01	6.31e-01
650	ADMQG	0	1	0.000000	0.000000	0.000	1.9	1.63e-01	6.31e-01
651	ADMQW	0	1	0.000000	0.000000	0.000	1.9	1.63e-01	6.31e-01
652	ADMRV	0	1	0.000000	0.000000	0.000	1.9	1.63e-01	6.31e-01
653	ADMSG	0	1	0.000000	0.000000	0.000	1.9	1.63e-01	6.31e-01
654	ADMTC	0	1	0.000000	0.000000	0.000	1.9	1.63e-01	6.31e-01
655	ADMVG	0	1	0.000000	0.000000	0.000	1.9	1.63e-01	6.31e-01
656	ADMVM	0	1	0.000000	0.000000	0.000	1.9	1.63e-01	6.31e-01
657	ADMWA	0	1	0.000000	0.000000	0.000	1.9	1.63e-01	6.31e-01
658	ADMWK	0	1	0.000000	0.000000	0.000	1.9	1.63e-01	6.31e-01
659	ADMYC	0	1	0.000000	0.000000	0.000	1.9	1.63e-01	6.31e-01
660	ADMYG	0	1	0.000000	0.000000	0.000	1.9	1.63e-01	6.31e-01
661	ADMYP	0	1	0.000000	0.000000	0.000	1.9	1.63e-01	6.31e-01
662	ADMYT	0	1	0.000000	0.000000	0.000	1.9	1.63e-01	6.31e-01
663	ADNAW	0	1	0.000000	0.000000	0.000	1.9	1.63e-01	6.31e-01
664	ADNDD	0	1	0.000000	0.000000	0.000	1.9	1.63e-01	6.31e-01
665	ADNDS	0	1	0.000000	0.000000	0.000	1.9	1.63e-01	6.31e-01
666	ADNEI	0	1	0.000000	0.000000	0.000	1.9	1.63e-01	6.31e-01
667	ADNEN	0	1	0.000000	0.000000	0.000	1.9	1.63e-01	6.31e-01
668	ADNGH	0	1	0.000000	0.000000	0.000	1.9	1.63e-01	6.31e-01
669	ADNHD	0	1	0.000000	0.000000	0.000	1.9	1.63e-01	6.31e-01
670	ADNHM	0	1	0.000000	0.000000	0.000	1.9	1.63e-01	6.31e-01
671	ADNHY	0	1	0.000000	0.000000	0.000	1.9	1.63e-01	6.31e-01
672	ADNID	0	1	0.000000	0.000000	0.000	1.9	1.63e-01	6.31e-01
673	ADNKE	0	1	0.000000	0.000000	0.000	1.9	1.63e-01	6.31e-01
674	ADNKT	0	1	0.000000	0.000000	0.000	1.9	1.63e-01	6.31e-01
675	ADNKW	0	1	0.000000	0.000000	0.000	1.9	1.63e-01	6.31e-01
676	ADNMF	0	1	0.000000	0.000000	0.000	1.9	1.63e-01	6.31e-01
677	ADNPN	0	1	0.000000	0.000000	0.000	1.9	1.63e-01	6.31e-01
678	ADNQF	0	1	0.000000	0.000000	0.000	1.9	1.63e-01	6.31e-01
679	ADNQN	0	1	0.000000	0.000000	0.000	1.9	1.63e-01	6.31e-01
680	ADNTL	0	1	0.000000	0.000000	0.000	1.9	1.63e-01	6.31e-01
681	ADNTM	0	1	0.000000	0.000000	0.000	1.9	1.63e-01	6.31e-01
682	ADNTW	0	1	0.000000	0.000000	0.000	1.9	1.63e-01	6.31e-01
683	ADNTY	0	1	0.000000	0.000000	0.000	1.9	1.63e-01	6.31e-01
684	ADNVV	0	1	0.000000	0.000000	0.000	1.9	1.63e-01	6.31e-01
685	ADNVW	0	1	0.000000	0.000000	0.000	1.9	1.63e-01	6.31e-01
686	ADNWG	0	1	0.000000	0.000000	0.000	1.9	1.63e-01	6.31e-01
687	ADNWP	0	1	0.000000	0.000000	0.000	1.9	1.63e-01	6.31e-01
688	ADNWR	0	1	0.000000	0.000000	0.000	1.9	1.63e-01	6.31e-01
689	ADPCY	0	1	0.000000	0.000000	0.000	1.9	1.63e-01	6.31e-01
690	ADPDW	0	1	0.000000	0.000000	0.000	1.9	1.63e-01	6.31e-01
691	ADPEE	0	1	0.000000	0.000000	0.000	1.9	1.63e-01	6.31e-01
692	ADPET	0	1	0.000000	0.000000	0.000	1.9	1.63e-01	6.31e-01
693	ADPFM	0	1	0.000000	0.000000	0.000	1.9	1.63e-01	6.31e-01
694	ADPIF	0	1	0.000000	0.000000	0.000	1.9	1.63e-01	6.31e-01
695	ADPLN	0	1	0.000000	0.000000	0.000	1.9	1.63e-01	6.31e-01
696	ADPML	0	1	0.000000	0.000000	0.000	1.9	1.63e-01	6.31e-01
697	ADPMP	0	1	0.000000	0.000000	0.000	1.9	1.63e-01	6.31e-01
698	ADPMS	0	1	0.000000	0.000000	0.000	1.9	1.63e-01	6.31e-01
699	ADPMW	0	1	0.000000	0.000000	0.000	1.9	1.63e-01	6.31e-01
700	ADPMY	0	1	0.000000	0.000000	0.000	1.9	1.63e-01	6.31e-01
701	ADPNA	0	1	0.000000	0.000000	0.000	1.9	1.63e-01	6.31e-01
702	ADPNP	0	1	0.000000	0.000000	0.000	1.9	1.63e-01	6.31e-01
703	ADPSM	0	1	0.000000	0.000000	0.000	1.9	1.63e-01	6.31e-01
704	ADPTD	0	1	0.000000	0.000000	0.000	1.9	1.63e-01	6.31e-01
705	ADPVT	0	1	0.000000	0.000000	0.000	1.9	1.63e-01	6.31e-01
706	ADPYI	0	1	0.000000	0.000000	0.000	1.9	1.63e-01	6.31e-01
707	ADPYS	0	1	0.000000	0.000000	0.000	1.9	1.63e-01	6.31e-01
708	ADPYT	0	1	0.000000	0.000000	0.000	1.9	1.63e-01	6.31e-01
709	ADQAN	0	1	0.000000	0.000000	0.000	1.9	1.63e-01	6.31e-01
710	ADQDI	0	1	0.000000	0.000000	0.000	1.9	1.63e-01	6.31e-01
711	ADQDK	0	1	0.000000	0.000000	0.000	1.9	1.63e-01	6.31e-01
712	ADQDN	0	1	0.000000	0.000000	0.000	1.9	1.63e-01	6.31e-01
713	ADQDS	0	1	0.000000	0.000000	0.000	1.9	1.63e-01	6.31e-01
714	ADQDT	0	1	0.000000	0.000000	0.000	1.9	1.63e-01	6.31e-01
715	ADQEF	0	1	0.000000	0.000000	0.000	1.9	1.63e-01	6.31e-01
716	ADQEV	0	1	0.000000	0.000000	0.000	1.9	1.63e-01	6.31e-01
717	ADQFT	0	1	0.000000	0.000000	0.000	1.9	1.63e-01	6.31e-01
718	ADQHI	0	1	0.000000	0.000000	0.000	1.9	1.63e-01	6.31e-01
719	ADQHK	0	1	0.000000	0.000000	0.000	1.9	1.63e-01	6.31e-01
720	ADQIN	0	1	0.000000	0.000000	0.000	1.9	1.63e-01	6.31e-01
721	ADQIW	0	1	0.000000	0.000000	0.000	1.9	1.63e-01	6.31e-01
722	ADQLA	0	1	0.000000	0.000000	0.000	1.9	1.63e-01	6.31e-01
723	ADQLW	0	1	0.000000	0.000000	0.000	1.9	1.63e-01	6.31e-01
724	ADQNY	0	1	0.000000	0.000000	0.000	1.9	1.63e-01	6.31e-01
725	ADQPH	0	1	0.000000	0.000000	0.000	1.9	1.63e-01	6.31e-01
726	ADQRM	0	1	0.000000	0.000000	0.000	1.9	1.63e-01	6.31e-01
727	ADQTF	0	1	0.000000	0.000000	0.000	1.9	1.63e-01	6.31e-01
728	ADQTM	0	1	0.000000	0.000000	0.000	1.9	1.63e-01	6.31e-01
729	ADQVA	0	1	0.000000	0.000000	0.000	1.9	1.63e-01	6.31e-01
730	ADQVG	0	1	0.000000	0.000000	0.000	1.9	1.63e-01	6.31e-01
731	ADQVI	0	1	0.000000	0.000000	0.000	1.9	1.63e-01	6.31e-01
732	ADQVN	0	1	0.000000	0.000000	0.000	1.9	1.63e-01	6.31e-01
733	ADQWC	0	1	0.000000	0.000000	0.000	1.9	1.63e-01	6.31e-01
734	ADQYF	0	1	0.000000	0.000000	0.000	1.9	1.63e-01	6.31e-01
735	ADRDH	0	1	0.000000	0.000000	0.000	1.9	1.63e-01	6.31e-01
736	ADRDW	0	1	0.000000	0.000000	0.000	1.9	1.63e-01	6.31e-01
737	ADRIE	0	1	0.000000	0.000000	0.000	1.9	1.63e-01	6.31e-01
738	ADRMT	0	1	0.000000	0.000000	0.000	1.9	1.63e-01	6.31e-01
739	ADRTM	0	1	0.000000	0.000000	0.000	1.9	1.63e-01	6.31e-01
740	ADRTT	0	1	0.000000	0.000000	0.000	1.9	1.63e-01	6.31e-01
741	ADSAM	0	1	0.000000	0.000000	0.000	1.9	1.63e-01	6.31e-01
742	ADSDN	0	1	0.000000	0.000000	0.000	1.9	1.63e-01	6.31e-01
743	ADSDP	0	1	0.000000	0.000000	0.000	1.9	1.63e-01	6.31e-01
744	ADSEM	0	1	0.000000	0.000000	0.000	1.9	1.63e-01	6.31e-01
745	ADSEY	0	1	0.000000	0.000000	0.000	1.9	1.63e-01	6.31e-01
746	ADSFY	0	1	0.000000	0.000000	0.000	1.9	1.63e-01	6.31e-01
747	ADSIM	0	1	0.000000	0.000000	0.000	1.9	1.63e-01	6.31e-01
748	ADSMT	0	1	0.000000	0.000000	0.000	1.9	1.63e-01	6.31e-01
749	ADSNT	0	1	0.000000	0.000000	0.000	1.9	1.63e-01	6.31e-01
750	ADSQD	0	1	0.000000	0.000000	0.000	1.9	1.63e-01	6.31e-01
751	ADSTE	0	1	0.000000	0.000000	0.000	1.9	1.63e-01	6.31e-01
752	ADSTW	0	1	0.000000	0.000000	0.000	1.9	1.63e-01	6.31e-01
753	ADSTY	0	1	0.000000	0.000000	0.000	1.9	1.63e-01	6.31e-01
754	ADSYN	0	1	0.000000	0.000000	0.000	1.9	1.63e-01	6.31e-01
755	ADTEY	0	1	0.000000	0.000000	0.000	1.9	1.63e-01	6.31e-01
756	ADTFY	0	1	0.000000	0.000000	0.000	1.9	1.63e-01	6.31e-01
757	ADTHD	0	1	0.000000	0.000000	0.000	1.9	1.63e-01	6.31e-01
758	ADTID	0	1	0.000000	0.000000	0.000	1.9	1.63e-01	6.31e-01
759	ADTKY	0	1	0.000000	0.000000	0.000	1.9	1.63e-01	6.31e-01
760	ADTLM	0	1	0.000000	0.000000	0.000	1.9	1.63e-01	6.31e-01
761	ADTMP	0	1	0.000000	0.000000	0.000	1.9	1.63e-01	6.31e-01
762	ADTPI	0	1	0.000000	0.000000	0.000	1.9	1.63e-01	6.31e-01
763	ADTSN	0	1	0.000000	0.000000	0.000	1.9	1.63e-01	6.31e-01
764	ADTVE	0	1	0.000000	0.000000	0.000	1.9	1.63e-01	6.31e-01
765	ADTVW	0	1	0.000000	0.000000	0.000	1.9	1.63e-01	6.31e-01
766	ADTWD	0	1	0.000000	0.000000	0.000	1.9	1.63e-01	6.31e-01
767	ADTWI	0	1	0.000000	0.000000	0.000	1.9	1.63e-01	6.31e-01
768	ADTWL	0	1	0.000000	0.000000	0.000	1.9	1.63e-01	6.31e-01
769	ADTYV	0	1	0.000000	0.000000	0.000	1.9	1.63e-01	6.31e-01
770	ADVAF	0	1	0.000000	0.000000	0.000	1.9	1.63e-01	6.31e-01
771	ADVDH	0	1	0.000000	0.000000	0.000	1.9	1.63e-01	6.31e-01
772	ADVDP	0	1	0.000000	0.000000	0.000	1.9	1.63e-01	6.31e-01
773	ADVDQ	0	1	0.000000	0.000000	0.000	1.9	1.63e-01	6.31e-01
774	ADVEF	0	1	0.000000	0.000000	0.000	1.9	1.63e-01	6.31e-01
775	ADVEG	0	1	0.000000	0.000000	0.000	1.9	1.63e-01	6.31e-01
776	ADVEP	0	1	0.000000	0.000000	0.000	1.9	1.63e-01	6.31e-01
777	ADVEY	0	1	0.000000	0.000000	0.000	1.9	1.63e-01	6.31e-01
778	ADVFD	0	1	0.000000	0.000000	0.000	1.9	1.63e-01	6.31e-01
779	ADVII	0	1	0.000000	0.000000	0.000	1.9	1.63e-01	6.31e-01
780	ADVIM	0	1	0.000000	0.000000	0.000	1.9	1.63e-01	6.31e-01
781	ADVKN	0	1	0.000000	0.000000	0.000	1.9	1.63e-01	6.31e-01
782	ADVKQ	0	1	0.000000	0.000000	0.000	1.9	1.63e-01	6.31e-01
783	ADVLM	0	1	0.000000	0.000000	0.000	1.9	1.63e-01	6.31e-01
784	ADVMP	0	1	0.000000	0.000000	0.000	1.9	1.63e-01	6.31e-01
785	ADVMQ	0	1	0.000000	0.000000	0.000	1.9	1.63e-01	6.31e-01
786	ADVNA	0	1	0.000000	0.000000	0.000	1.9	1.63e-01	6.31e-01
787	ADVNP	0	1	0.000000	0.000000	0.000	1.9	1.63e-01	6.31e-01
788	ADVNQ	0	1	0.000000	0.000000	0.000	1.9	1.63e-01	6.31e-01
789	ADVQV	0	1	0.000000	0.000000	0.000	1.9	1.63e-01	6.31e-01
790	ADVTW	0	1	0.000000	0.000000	0.000	1.9	1.63e-01	6.31e-01
791	ADVVH	0	1	0.000000	0.000000	0.000	1.9	1.63e-01	6.31e-01
792	ADVWA	0	1	0.000000	0.000000	0.000	1.9	1.63e-01	6.31e-01
793	ADVWI	0	1	0.000000	0.000000	0.000	1.9	1.63e-01	6.31e-01
794	ADVYQ	0	1	0.000000	0.000000	0.000	1.9	1.63e-01	6.31e-01
795	ADWCE	0	1	0.000000	0.000000	0.000	1.9	1.63e-01	6.31e-01
796	ADWCM	0	1	0.000000	0.000000	0.000	1.9	1.63e-01	6.31e-01
797	ADWDY	0	1	0.000000	0.000000	0.000	1.9	1.63e-01	6.31e-01
798	ADWEF	0	1	0.000000	0.000000	0.000	1.9	1.63e-01	6.31e-01
799	ADWEQ	0	1	0.000000	0.000000	0.000	1.9	1.63e-01	6.31e-01
800	ADWEY	0	1	0.000000	0.000000	0.000	1.9	1.63e-01	6.31e-01
801	ADWHL	0	1	0.000000	0.000000	0.000	1.9	1.63e-01	6.31e-01
802	ADWHN	0	1	0.000000	0.000000	0.000	1.9	1.63e-01	6.31e-01
803	ADWIG	0	1	0.000000	0.000000	0.000	1.9	1.63e-01	6.31e-01
804	ADWMT	0	1	0.000000	0.000000	0.000	1.9	1.63e-01	6.31e-01
805	ADWPF	0	1	0.000000	0.000000	0.000	1.9	1.63e-01	6.31e-01
806	ADWQL	0	1	0.000000	0.000000	0.000	1.9	1.63e-01	6.31e-01
807	ADWSN	0	1	0.000000	0.000000	0.000	1.9	1.63e-01	6.31e-01
808	ADWTE	0	1	0.000000	0.000000	0.000	1.9	1.63e-01	6.31e-01
809	ADWTF	0	1	0.000000	0.000000	0.000	1.9	1.63e-01	6.31e-01
810	ADWTM	0	1	0.000000	0.000000	0.000	1.9	1.63e-01	6.31e-01
811	ADWVE	0	1	0.000000	0.000000	0.000	1.9	1.63e-01	6.31e-01
812	ADWYA	0	1	0.000000	0.000000	0.000	1.9	1.63e-01	6.31e-01
813	ADWYD	0	1	0.000000	0.000000	0.000	1.9	1.63e-01	6.31e-01
814	ADWYH	0	1	0.000000	0.000000	0.000	1.9	1.63e-01	6.31e-01
815	ADWYY	0	1	0.000000	0.000000	0.000	1.9	1.63e-01	6.31e-01
816	ADYAH	0	1	0.000000	0.000000	0.000	1.9	1.63e-01	6.31e-01
817	ADYAP	0	1	0.000000	0.000000	0.000	1.9	1.63e-01	6.31e-01
818	ADYAY	0	1	0.000000	0.000000	0.000	1.9	1.63e-01	6.31e-01
819	ADYCM	0	1	0.000000	0.000000	0.000	1.9	1.63e-01	6.31e-01
820	ADYDA	0	1	0.000000	0.000000	0.000	1.9	1.63e-01	6.31e-01
821	ADYDE	0	1	0.000000	0.000000	0.000	1.9	1.63e-01	6.31e-01
822	ADYDH	0	1	0.000000	0.000000	0.000	1.9	1.63e-01	6.31e-01
823	ADYDL	0	1	0.000000	0.000000	0.000	1.9	1.63e-01	6.31e-01
824	ADYED	0	1	0.000000	0.000000	0.000	1.9	1.63e-01	6.31e-01
825	ADYEP	0	1	0.000000	0.000000	0.000	1.9	1.63e-01	6.31e-01
826	ADYEQ	0	1	0.000000	0.000000	0.000	1.9	1.63e-01	6.31e-01
827	ADYFT	0	1	0.000000	0.000000	0.000	1.9	1.63e-01	6.31e-01
828	ADYHF	0	1	0.000000	0.000000	0.000	1.9	1.63e-01	6.31e-01
829	ADYHN	0	1	0.000000	0.000000	0.000	1.9	1.63e-01	6.31e-01
830	ADYID	0	1	0.000000	0.000000	0.000	1.9	1.63e-01	6.31e-01
831	ADYIV	0	1	0.000000	0.000000	0.000	1.9	1.63e-01	6.31e-01
832	ADYKM	0	1	0.000000	0.000000	0.000	1.9	1.63e-01	6.31e-01
833	ADYLI	0	1	0.000000	0.000000	0.000	1.9	1.63e-01	6.31e-01
834	ADYMA	0	1	0.000000	0.000000	0.000	1.9	1.63e-01	6.31e-01
835	ADYMS	0	1	0.000000	0.000000	0.000	1.9	1.63e-01	6.31e-01
836	ADYNH	0	1	0.000000	0.000000	0.000	1.9	1.63e-01	6.31e-01
837	ADYNN	0	1	0.000000	0.000000	0.000	1.9	1.63e-01	6.31e-01
838	ADYQG	0	1	0.000000	0.000000	0.000	1.9	1.63e-01	6.31e-01
839	ADYQI	0	1	0.000000	0.000000	0.000	1.9	1.63e-01	6.31e-01
840	ADYQW	0	1	0.000000	0.000000	0.000	1.9	1.63e-01	6.31e-01
841	ADYRV	0	1	0.000000	0.000000	0.000	1.9	1.63e-01	6.31e-01
842	ADYSH	0	1	0.000000	0.000000	0.000	1.9	1.63e-01	6.31e-01
843	ADYSY	0	1	0.000000	0.000000	0.000	1.9	1.63e-01	6.31e-01
844	ADYTD	0	1	0.000000	0.000000	0.000	1.9	1.63e-01	6.31e-01
845	ADYTT	0	1	0.000000	0.000000	0.000	1.9	1.63e-01	6.31e-01
846	ADYVF	0	1	0.000000	0.000000	0.000	1.9	1.63e-01	6.31e-01
847	ADYVV	0	1	0.000000	0.000000	0.000	1.9	1.63e-01	6.31e-01
848	ADYYY	0	1	0.000000	0.000000	0.000	1.9	1.63e-01	6.31e-01
849	AEADD	0	1	0.000000	0.000000	0.000	1.9	1.63e-01	6.31e-01
850	AEADQ	0	1	0.000000	0.000000	0.000	1.9	1.63e-01	6.31e-01
851	AEAFN	0	1	0.000000	0.000000	0.000	1.9	1.63e-01	6.31e-01
852	AEAML	0	1	0.000000	0.000000	0.000	1.9	1.63e-01	6.31e-01
853	AEAMM	0	1	0.000000	0.000000	0.000	1.9	1.63e-01	6.31e-01
854	AEAMT	0	1	0.000000	0.000000	0.000	1.9	1.63e-01	6.31e-01
855	AEART	0	1	0.000000	0.000000	0.000	1.9	1.63e-01	6.31e-01
856	AEASN	0	1	0.000000	0.000000	0.000	1.9	1.63e-01	6.31e-01
857	AEATH	0	1	0.000000	0.000000	0.000	1.9	1.63e-01	6.31e-01
858	AEATL	0	1	0.000000	0.000000	0.000	1.9	1.63e-01	6.31e-01
859	AEATQ	0	1	0.000000	0.000000	0.000	1.9	1.63e-01	6.31e-01
860	AEAVE	0	1	0.000000	0.000000	0.000	1.9	1.63e-01	6.31e-01
861	AEAWF	0	1	0.000000	0.000000	0.000	1.9	1.63e-01	6.31e-01
862	AEAYD	0	1	0.000000	0.000000	0.000	1.9	1.63e-01	6.31e-01
863	AEAYI	0	1	0.000000	0.000000	0.000	1.9	1.63e-01	6.31e-01
864	AEAYN	0	1	0.000000	0.000000	0.000	1.9	1.63e-01	6.31e-01
865	AECDT	0	1	0.000000	0.000000	0.000	1.9	1.63e-01	6.31e-01
866	AECEE	0	1	0.000000	0.000000	0.000	1.9	1.63e-01	6.31e-01
867	AECEP	0	1	0.000000	0.000000	0.000	1.9	1.63e-01	6.31e-01
868	AECEW	0	1	0.000000	0.000000	0.000	1.9	1.63e-01	6.31e-01
869	AECGM	0	1	0.000000	0.000000	0.000	1.9	1.63e-01	6.31e-01
870	AECHM	0	1	0.000000	0.000000	0.000	1.9	1.63e-01	6.31e-01
871	AECLD	0	1	0.000000	0.000000	0.000	1.9	1.63e-01	6.31e-01
872	AECMI	0	1	0.000000	0.000000	0.000	1.9	1.63e-01	6.31e-01
873	AECMK	0	1	0.000000	0.000000	0.000	1.9	1.63e-01	6.31e-01
874	AECMS	0	1	0.000000	0.000000	0.000	1.9	1.63e-01	6.31e-01
875	AECMW	0	1	0.000000	0.000000	0.000	1.9	1.63e-01	6.31e-01
876	AECYE	0	1	0.000000	0.000000	0.000	1.9	1.63e-01	6.31e-01
877	AEDAE	0	1	0.000000	0.000000	0.000	1.9	1.63e-01	6.31e-01
878	AEDAL	0	1	0.000000	0.000000	0.000	1.9	1.63e-01	6.31e-01
879	AEDAW	0	1	0.000000	0.000000	0.000	1.9	1.63e-01	6.31e-01
880	AEDCE	0	1	0.000000	0.000000	0.000	1.9	1.63e-01	6.31e-01
881	AEDDC	0	1	0.000000	0.000000	0.000	1.9	1.63e-01	6.31e-01
882	AEDEG	0	1	0.000000	0.000000	0.000	1.9	1.63e-01	6.31e-01
883	AEDEN	0	1	0.000000	0.000000	0.000	1.9	1.63e-01	6.31e-01
884	AEDEY	0	1	0.000000	0.000000	0.000	1.9	1.63e-01	6.31e-01
885	AEDFT	0	1	0.000000	0.000000	0.000	1.9	1.63e-01	6.31e-01
886	AEDHE	0	1	0.000000	0.000000	0.000	1.9	1.63e-01	6.31e-01
887	AEDHT	0	1	0.000000	0.000000	0.000	1.9	1.63e-01	6.31e-01
888	AEDIG	0	1	0.000000	0.000000	0.000	1.9	1.63e-01	6.31e-01
889	AEDIW	0	1	0.000000	0.000000	0.000	1.9	1.63e-01	6.31e-01
890	AEDKD	0	1	0.000000	0.000000	0.000	1.9	1.63e-01	6.31e-01
891	AEDLH	0	1	0.000000	0.000000	0.000	1.9	1.63e-01	6.31e-01
892	AEDMM	0	1	0.000000	0.000000	0.000	1.9	1.63e-01	6.31e-01
893	AEDNT	0	1	0.000000	0.000000	0.000	1.9	1.63e-01	6.31e-01
894	AEDNY	0	1	0.000000	0.000000	0.000	1.9	1.63e-01	6.31e-01
895	AEDPC	0	1	0.000000	0.000000	0.000	1.9	1.63e-01	6.31e-01
896	AEDPH	0	1	0.000000	0.000000	0.000	1.9	1.63e-01	6.31e-01
897	AEDPR	0	1	0.000000	0.000000	0.000	1.9	1.63e-01	6.31e-01
898	AEDQA	0	1	0.000000	0.000000	0.000	1.9	1.63e-01	6.31e-01
899	AEDQF	0	1	0.000000	0.000000	0.000	1.9	1.63e-01	6.31e-01
900	AEDQV	0	1	0.000000	0.000000	0.000	1.9	1.63e-01	6.31e-01
901	AEDQY	0	1	0.000000	0.000000	0.000	1.9	1.63e-01	6.31e-01
902	AEDSH	0	1	0.000000	0.000000	0.000	1.9	1.63e-01	6.31e-01
903	AEDTC	0	1	0.000000	0.000000	0.000	1.9	1.63e-01	6.31e-01
904	AEDTP	0	1	0.000000	0.000000	0.000	1.9	1.63e-01	6.31e-01
905	AEDTW	0	1	0.000000	0.000000	0.000	1.9	1.63e-01	6.31e-01
906	AEDVQ	0	1	0.000000	0.000000	0.000	1.9	1.63e-01	6.31e-01
907	AEDVT	0	1	0.000000	0.000000	0.000	1.9	1.63e-01	6.31e-01
908	AEDWL	0	1	0.000000	0.000000	0.000	1.9	1.63e-01	6.31e-01
909	AEDYI	0	1	0.000000	0.000000	0.000	1.9	1.63e-01	6.31e-01
910	AEDYW	0	1	0.000000	0.000000	0.000	1.9	1.63e-01	6.31e-01
911	AEEAN	0	1	0.000000	0.000000	0.000	1.9	1.63e-01	6.31e-01
912	AEEAT	0	1	0.000000	0.000000	0.000	1.9	1.63e-01	6.31e-01
913	AEECM	0	1	0.000000	0.000000	0.000	1.9	1.63e-01	6.31e-01
914	AEECW	0	1	0.000000	0.000000	0.000	1.9	1.63e-01	6.31e-01
915	AEEDC	0	1	0.000000	0.000000	0.000	1.9	1.63e-01	6.31e-01
916	AEEDD	0	1	0.000000	0.000000	0.000	1.9	1.63e-01	6.31e-01
917	AEEDI	0	1	0.000000	0.000000	0.000	1.9	1.63e-01	6.31e-01
918	AEEDL	0	1	0.000000	0.000000	0.000	1.9	1.63e-01	6.31e-01
919	AEEDP	0	1	0.000000	0.000000	0.000	1.9	1.63e-01	6.31e-01
920	AEEHV	0	1	0.000000	0.000000	0.000	1.9	1.63e-01	6.31e-01
921	AEEIG	0	1	0.000000	0.000000	0.000	1.9	1.63e-01	6.31e-01
922	AEEIY	0	1	0.000000	0.000000	0.000	1.9	1.63e-01	6.31e-01
923	AEELV	0	1	0.000000	0.000000	0.000	1.9	1.63e-01	6.31e-01
924	AEENY	0	1	0.000000	0.000000	0.000	1.9	1.63e-01	6.31e-01
925	AEEPD	0	1	0.000000	0.000000	0.000	1.9	1.63e-01	6.31e-01
926	AEEPV	0	1	0.000000	0.000000	0.000	1.9	1.63e-01	6.31e-01
927	AEEPY	0	1	0.000000	0.000000	0.000	1.9	1.63e-01	6.31e-01
928	AEEQK	0	1	0.000000	0.000000	0.000	1.9	1.63e-01	6.31e-01
929	AEESQ	0	1	0.000000	0.000000	0.000	1.9	1.63e-01	6.31e-01
930	AEETC	0	1	0.000000	0.000000	0.000	1.9	1.63e-01	6.31e-01
931	AEETI	0	1	0.000000	0.000000	0.000	1.9	1.63e-01	6.31e-01
932	AEETY	0	1	0.000000	0.000000	0.000	1.9	1.63e-01	6.31e-01
933	AEEVF	0	1	0.000000	0.000000	0.000	1.9	1.63e-01	6.31e-01
934	AEEVG	0	1	0.000000	0.000000	0.000	1.9	1.63e-01	6.31e-01
935	AEEVI	0	1	0.000000	0.000000	0.000	1.9	1.63e-01	6.31e-01
936	AEEVK	0	1	0.000000	0.000000	0.000	1.9	1.63e-01	6.31e-01
937	AEEVS	0	1	0.000000	0.000000	0.000	1.9	1.63e-01	6.31e-01
938	AEEWF	0	1	0.000000	0.000000	0.000	1.9	1.63e-01	6.31e-01
939	AEEYI	0	1	0.000000	0.000000	0.000	1.9	1.63e-01	6.31e-01
940	AEFAN	0	1	0.000000	0.000000	0.000	1.9	1.63e-01	6.31e-01
941	AEFCT	0	1	0.000000	0.000000	0.000	1.9	1.63e-01	6.31e-01
942	AEFDH	0	1	0.000000	0.000000	0.000	1.9	1.63e-01	6.31e-01
943	AEFDP	0	1	0.000000	0.000000	0.000	1.9	1.63e-01	6.31e-01
944	AEFDR	0	1	0.000000	0.000000	0.000	1.9	1.63e-01	6.31e-01
945	AEFDY	0	1	0.000000	0.000000	0.000	1.9	1.63e-01	6.31e-01
946	AEFEC	0	1	0.000000	0.000000	0.000	1.9	1.63e-01	6.31e-01
947	AEFFN	0	1	0.000000	0.000000	0.000	1.9	1.63e-01	6.31e-01
948	AEFFW	0	1	0.000000	0.000000	0.000	1.9	1.63e-01	6.31e-01
949	AEFGH	0	1	0.000000	0.000000	0.000	1.9	1.63e-01	6.31e-01
950	AEFHD	0	1	0.000000	0.000000	0.000	1.9	1.63e-01	6.31e-01
951	AEFHK	0	1	0.000000	0.000000	0.000	1.9	1.63e-01	6.31e-01
952	AEFIE	0	1	0.000000	0.000000	0.000	1.9	1.63e-01	6.31e-01
953	AEFKP	0	1	0.000000	0.000000	0.000	1.9	1.63e-01	6.31e-01
954	AEFLI	0	1	0.000000	0.000000	0.000	1.9	1.63e-01	6.31e-01
955	AEFMC	0	1	0.000000	0.000000	0.000	1.9	1.63e-01	6.31e-01
956	AEFMK	0	1	0.000000	0.000000	0.000	1.9	1.63e-01	6.31e-01
957	AEFNA	0	1	0.000000	0.000000	0.000	1.9	1.63e-01	6.31e-01
958	AEFNC	0	1	0.000000	0.000000	0.000	1.9	1.63e-01	6.31e-01
959	AEFPI	0	1	0.000000	0.000000	0.000	1.9	1.63e-01	6.31e-01
960	AEFPY	0	1	0.000000	0.000000	0.000	1.9	1.63e-01	6.31e-01
961	AEFQA	0	1	0.000000	0.000000	0.000	1.9	1.63e-01	6.31e-01
962	AEFQE	0	1	0.000000	0.000000	0.000	1.9	1.63e-01	6.31e-01
963	AEFQY	0	1	0.000000	0.000000	0.000	1.9	1.63e-01	6.31e-01
964	AEFSH	0	1	0.000000	0.000000	0.000	1.9	1.63e-01	6.31e-01
965	AEFSY	0	1	0.000000	0.000000	0.000	1.9	1.63e-01	6.31e-01
966	AEFTE	0	1	0.000000	0.000000	0.000	1.9	1.63e-01	6.31e-01
967	AEFTH	0	1	0.000000	0.000000	0.000	1.9	1.63e-01	6.31e-01
968	AEFTP	0	1	0.000000	0.000000	0.000	1.9	1.63e-01	6.31e-01
969	AEFVI	0	1	0.000000	0.000000	0.000	1.9	1.63e-01	6.31e-01
970	AEFWK	0	1	0.000000	0.000000	0.000	1.9	1.63e-01	6.31e-01
971	AEFWP	0	1	0.000000	0.000000	0.000	1.9	1.63e-01	6.31e-01
972	AEFYA	0	1	0.000000	0.000000	0.000	1.9	1.63e-01	6.31e-01
973	AEFYE	0	1	0.000000	0.000000	0.000	1.9	1.63e-01	6.31e-01
974	AEFYP	0	1	0.000000	0.000000	0.000	1.9	1.63e-01	6.31e-01
975	AEGDD	0	1	0.000000	0.000000	0.000	1.9	1.63e-01	6.31e-01
976	AEGEW	0	1	0.000000	0.000000	0.000	1.9	1.63e-01	6.31e-01
977	AEGEY	0	1	0.000000	0.000000	0.000	1.9	1.63e-01	6.31e-01
978	AEGFK	0	1	0.000000	0.000000	0.000	1.9	1.63e-01	6.31e-01
979	AEGFN	0	1	0.000000	0.000000	0.000	1.9	1.63e-01	6.31e-01
980	AEGHD	0	1	0.000000	0.000000	0.000	1.9	1.63e-01	6.31e-01
981	AEGHV	0	1	0.000000	0.000000	0.000	1.9	1.63e-01	6.31e-01
982	AEGIN	0	1	0.000000	0.000000	0.000	1.9	1.63e-01	6.31e-01
983	AEGMC	0	1	0.000000	0.000000	0.000	1.9	1.63e-01	6.31e-01
984	AEGMK	0	1	0.000000	0.000000	0.000	1.9	1.63e-01	6.31e-01
985	AEGPH	0	1	0.000000	0.000000	0.000	1.9	1.63e-01	6.31e-01
986	AEGPM	0	1	0.000000	0.000000	0.000	1.9	1.63e-01	6.31e-01
987	AEGPT	0	1	0.000000	0.000000	0.000	1.9	1.63e-01	6.31e-01
988	AEGQD	0	1	0.000000	0.000000	0.000	1.9	1.63e-01	6.31e-01
989	AEGQT	0	1	0.000000	0.000000	0.000	1.9	1.63e-01	6.31e-01
990	AEGTI	0	1	0.000000	0.000000	0.000	1.9	1.63e-01	6.31e-01
991	AEGTM	0	1	0.000000	0.000000	0.000	1.9	1.63e-01	6.31e-01
992	AEGTN	0	1	0.000000	0.000000	0.000	1.9	1.63e-01	6.31e-01
993	AEGVD	0	1	0.000000	0.000000	0.000	1.9	1.63e-01	6.31e-01
994	AEGVE	0	1	0.000000	0.000000	0.000	1.9	1.63e-01	6.31e-01
995	AEGYE	0	1	0.000000	0.000000	0.000	1.9	1.63e-01	6.31e-01
996	AEGYM	0	1	0.000000	0.000000	0.000	1.9	1.63e-01	6.31e-01
997	AEHAM	0	1	0.000000	0.000000	0.000	1.9	1.63e-01	6.31e-01
998	AEHCE	0	1	0.000000	0.000000	0.000	1.9	1.63e-01	6.31e-01
999	AEHDF	0	1	0.000000	0.000000	0.000	1.9	1.63e-01	6.31e-01
1000	AEHDN	0	1	0.000000	0.000000	0.000	1.9	1.63e-01	6.31e-01
